object_id,tag_type,element_bytes,element_sha256,source_artifact,source_artifact_sha256,source_uncompressed_sha256,projection,runtime_reachability,renderer_adoption,acceptance_effect
1,DefineFont2,37207,0f92ea4dae8030a979ad26cd668411ebd5c34038c3b0ead3d1c63c79c5e4acbf,migrations/course-g04-l10-vb-003/audit/machine/swfmill.xml.gz,948ad43c618fedf99c23e4bc082ec0fb1d4faf5fef1274867477729854846fa3,987c44b6fcd9c4f02cea593f3dd8d77e542ef66a41cc1b32f7ae66162162609c,exact-decompressed-swfmill-xml-element-v1,unresolved,none,none
2,DefineText,2632,dd1a151bce22cfbc3afab3e003c9f5e20b85551070bdac0a822694c3eb191480,migrations/course-g04-l10-vb-003/audit/machine/swfmill.xml.gz,948ad43c618fedf99c23e4bc082ec0fb1d4faf5fef1274867477729854846fa3,987c44b6fcd9c4f02cea593f3dd8d77e542ef66a41cc1b32f7ae66162162609c,exact-decompressed-swfmill-xml-element-v1,unresolved,none,none
3,DefineFont2,41619,c3378d92797ec94907867fbc5145897cd10340e8a5a11a243579fdd022ff5b0f,migrations/course-g04-l10-vb-003/audit/machine/swfmill.xml.gz,948ad43c618fedf99c23e4bc082ec0fb1d4faf5fef1274867477729854846fa3,987c44b6fcd9c4f02cea593f3dd8d77e542ef66a41cc1b32f7ae66162162609c,exact-decompressed-swfmill-xml-element-v1,unresolved,none,none
4,DefineText,2629,d1b0f3e0d876fa16cf9b809aa68377a344ec80c9414e38f004ce13dc481e0b9a,migrations/course-g04-l10-vb-003/audit/machine/swfmill.xml.gz,948ad43c618fedf99c23e4bc082ec0fb1d4faf5fef1274867477729854846fa3,987c44b6fcd9c4f02cea593f3dd8d77e542ef66a41cc1b32f7ae66162162609c,exact-decompressed-swfmill-xml-element-v1,unresolved,none,none
5,DefineSprite,322,7e2fb4e101fb82a08f6c4aa5fdbbe2c116ee4649df3f040a77dd317dc444ee0a,migrations/course-g04-l10-vb-003/audit/machine/swfmill.xml.gz,948ad43c618fedf99c23e4bc082ec0fb1d4faf5fef1274867477729854846fa3,987c44b6fcd9c4f02cea593f3dd8d77e542ef66a41cc1b32f7ae66162162609c,exact-decompressed-swfmill-xml-element-v1,unresolved,none,none
6,DefineShape3,835,de5ec8cdbbb5d2acfd70489b80b65cb83e522d04a9721fdbee7a4ccf10e69945,migrations/course-g04-l10-vb-003/audit/machine/swfmill.xml.gz,948ad43c618fedf99c23e4bc082ec0fb1d4faf5fef1274867477729854846fa3,987c44b6fcd9c4f02cea593f3dd8d77e542ef66a41cc1b32f7ae66162162609c,exact-decompressed-swfmill-xml-element-v1,unresolved,none,none
7,DefineShape,803,3af4e6cfec878f83f1bdd554401005d260192858ccb18e45f4c1f466b390e15c,migrations/course-g04-l10-vb-003/audit/machine/swfmill.xml.gz,948ad43c618fedf99c23e4bc082ec0fb1d4faf5fef1274867477729854846fa3,987c44b6fcd9c4f02cea593f3dd8d77e542ef66a41cc1b32f7ae66162162609c,exact-decompressed-swfmill-xml-element-v1,unresolved,none,none
8,DefineText,5028,812101fed79fb99830be653a35197881f1f992bca5b41578596d95e66c477237,migrations/course-g04-l10-vb-003/audit/machine/swfmill.xml.gz,948ad43c618fedf99c23e4bc082ec0fb1d4faf5fef1274867477729854846fa3,987c44b6fcd9c4f02cea593f3dd8d77e542ef66a41cc1b32f7ae66162162609c,exact-decompressed-swfmill-xml-element-v1,unresolved,none,none
9,DefineShape,818,b3e42cf1b8cfccd963e8c2df7ecc1913d447455052cb5c15fffe62c22573437b,migrations/course-g04-l10-vb-003/audit/machine/swfmill.xml.gz,948ad43c618fedf99c23e4bc082ec0fb1d4faf5fef1274867477729854846fa3,987c44b6fcd9c4f02cea593f3dd8d77e542ef66a41cc1b32f7ae66162162609c,exact-decompressed-swfmill-xml-element-v1,unresolved,none,none
10,DefineButton2,3423,177efdfddabd85864460e1d246455892c36e5c5119186e5ca4e1af3e3e511681,migrations/course-g04-l10-vb-003/audit/machine/swfmill.xml.gz,948ad43c618fedf99c23e4bc082ec0fb1d4faf5fef1274867477729854846fa3,987c44b6fcd9c4f02cea593f3dd8d77e542ef66a41cc1b32f7ae66162162609c,exact-decompressed-swfmill-xml-element-v1,unresolved,none,none
11,DefineButton2,3412,0eecc35525b8d376fe890baf104c33ef5aafd7bc068bf3ecb49c4f787828964f,migrations/course-g04-l10-vb-003/audit/machine/swfmill.xml.gz,948ad43c618fedf99c23e4bc082ec0fb1d4faf5fef1274867477729854846fa3,987c44b6fcd9c4f02cea593f3dd8d77e542ef66a41cc1b32f7ae66162162609c,exact-decompressed-swfmill-xml-element-v1,unresolved,none,none
12,DefineShape3,835,25ab753736d106e48782a7cd3c6dae811892799c2614b77f022dcb055226392c,migrations/course-g04-l10-vb-003/audit/machine/swfmill.xml.gz,948ad43c618fedf99c23e4bc082ec0fb1d4faf5fef1274867477729854846fa3,987c44b6fcd9c4f02cea593f3dd8d77e542ef66a41cc1b32f7ae66162162609c,exact-decompressed-swfmill-xml-element-v1,unresolved,none,none
13,DefineShape,718,2cd09739ee22e8a6de141df5423dc8e715053cc59aab210c1fc6d1920789db4d,migrations/course-g04-l10-vb-003/audit/machine/swfmill.xml.gz,948ad43c618fedf99c23e4bc082ec0fb1d4faf5fef1274867477729854846fa3,987c44b6fcd9c4f02cea593f3dd8d77e542ef66a41cc1b32f7ae66162162609c,exact-decompressed-swfmill-xml-element-v1,unresolved,none,none
14,DefineText,4834,cb99f2f46d25a201904747b554f2f9179dfb397e3ffd6d0235121a23aa6a5c2d,migrations/course-g04-l10-vb-003/audit/machine/swfmill.xml.gz,948ad43c618fedf99c23e4bc082ec0fb1d4faf5fef1274867477729854846fa3,987c44b6fcd9c4f02cea593f3dd8d77e542ef66a41cc1b32f7ae66162162609c,exact-decompressed-swfmill-xml-element-v1,unresolved,none,none
15,DefineButton2,3410,442ef3e08308d0b664f18c28fdc9209e2b9680e56af2644318bec83f1791ba2c,migrations/course-g04-l10-vb-003/audit/machine/swfmill.xml.gz,948ad43c618fedf99c23e4bc082ec0fb1d4faf5fef1274867477729854846fa3,987c44b6fcd9c4f02cea593f3dd8d77e542ef66a41cc1b32f7ae66162162609c,exact-decompressed-swfmill-xml-element-v1,unresolved,none,none
16,DefineShape3,22566,a854ff20665dadb460c4e6fdfe87342b448d18ebe71e4dfb09b053aac5e707a8,migrations/course-g04-l10-vb-003/audit/machine/swfmill.xml.gz,948ad43c618fedf99c23e4bc082ec0fb1d4faf5fef1274867477729854846fa3,987c44b6fcd9c4f02cea593f3dd8d77e542ef66a41cc1b32f7ae66162162609c,exact-decompressed-swfmill-xml-element-v1,unresolved,none,none
17,DefineFont2,19787,ed3e2bc9484500a4a36bda375b74a3557bd5dd65ee0ae76b528075e3b8597d98,migrations/course-g04-l10-vb-003/audit/machine/swfmill.xml.gz,948ad43c618fedf99c23e4bc082ec0fb1d4faf5fef1274867477729854846fa3,987c44b6fcd9c4f02cea593f3dd8d77e542ef66a41cc1b32f7ae66162162609c,exact-decompressed-swfmill-xml-element-v1,unresolved,none,none
18,DefineText,849,5a082316ac99e5d8028165cba1e1400814bd63c9a05fc66ffd67557659401bb6,migrations/course-g04-l10-vb-003/audit/machine/swfmill.xml.gz,948ad43c618fedf99c23e4bc082ec0fb1d4faf5fef1274867477729854846fa3,987c44b6fcd9c4f02cea593f3dd8d77e542ef66a41cc1b32f7ae66162162609c,exact-decompressed-swfmill-xml-element-v1,unresolved,none,none
19,DefineText,848,5021580015ffd048f4119b5df9fd39b508dd16a5a9069492fc251a6df2967560,migrations/course-g04-l10-vb-003/audit/machine/swfmill.xml.gz,948ad43c618fedf99c23e4bc082ec0fb1d4faf5fef1274867477729854846fa3,987c44b6fcd9c4f02cea593f3dd8d77e542ef66a41cc1b32f7ae66162162609c,exact-decompressed-swfmill-xml-element-v1,unresolved,none,none
20,DefineText,848,52ab5e9c2fa4f94ac21d3d5c1d1935fb0802dd31bb70acb9337f4eb790b51bff,migrations/course-g04-l10-vb-003/audit/machine/swfmill.xml.gz,948ad43c618fedf99c23e4bc082ec0fb1d4faf5fef1274867477729854846fa3,987c44b6fcd9c4f02cea593f3dd8d77e542ef66a41cc1b32f7ae66162162609c,exact-decompressed-swfmill-xml-element-v1,unresolved,none,none
21,DefineText,848,e1d426e133eebe66935a02cb99fd47af6cd454d10c5c8f30188cba939c79f9e9,migrations/course-g04-l10-vb-003/audit/machine/swfmill.xml.gz,948ad43c618fedf99c23e4bc082ec0fb1d4faf5fef1274867477729854846fa3,987c44b6fcd9c4f02cea593f3dd8d77e542ef66a41cc1b32f7ae66162162609c,exact-decompressed-swfmill-xml-element-v1,unresolved,none,none
22,DefineText,848,655ef77b586cbb2a69649fb2c2152b2889da9c7c85163d8a4add52270ff2b849,migrations/course-g04-l10-vb-003/audit/machine/swfmill.xml.gz,948ad43c618fedf99c23e4bc082ec0fb1d4faf5fef1274867477729854846fa3,987c44b6fcd9c4f02cea593f3dd8d77e542ef66a41cc1b32f7ae66162162609c,exact-decompressed-swfmill-xml-element-v1,unresolved,none,none
23,DefineText,848,1b452b683c2ffffe09a8ec5c758286315886abe3e21ce7f5d0b2c74deaea86e2,migrations/course-g04-l10-vb-003/audit/machine/swfmill.xml.gz,948ad43c618fedf99c23e4bc082ec0fb1d4faf5fef1274867477729854846fa3,987c44b6fcd9c4f02cea593f3dd8d77e542ef66a41cc1b32f7ae66162162609c,exact-decompressed-swfmill-xml-element-v1,unresolved,none,none
24,DefineText,849,0c3b485fb29fd3c0d17c8ce06593180d73e9af32f90cc1b8a417f14dbff9dcd6,migrations/course-g04-l10-vb-003/audit/machine/swfmill.xml.gz,948ad43c618fedf99c23e4bc082ec0fb1d4faf5fef1274867477729854846fa3,987c44b6fcd9c4f02cea593f3dd8d77e542ef66a41cc1b32f7ae66162162609c,exact-decompressed-swfmill-xml-element-v1,unresolved,none,none
25,DefineText,848,4caf7ffb9bf6ab19dbb4508747800aefcc9499401738b140c1959e6c0728f603,migrations/course-g04-l10-vb-003/audit/machine/swfmill.xml.gz,948ad43c618fedf99c23e4bc082ec0fb1d4faf5fef1274867477729854846fa3,987c44b6fcd9c4f02cea593f3dd8d77e542ef66a41cc1b32f7ae66162162609c,exact-decompressed-swfmill-xml-element-v1,unresolved,none,none
26,DefineText,848,d24ddef0453a757f0f3229a9bc5b99dbe9d23cca842b0eb3b6d89d5b81fc98b2,migrations/course-g04-l10-vb-003/audit/machine/swfmill.xml.gz,948ad43c618fedf99c23e4bc082ec0fb1d4faf5fef1274867477729854846fa3,987c44b6fcd9c4f02cea593f3dd8d77e542ef66a41cc1b32f7ae66162162609c,exact-decompressed-swfmill-xml-element-v1,unresolved,none,none
27,DefineShape3,19603,0df0526ce6727cb749002a0d4b41c947db466a373768301a7ffe147fff97c5df,migrations/course-g04-l10-vb-003/audit/machine/swfmill.xml.gz,948ad43c618fedf99c23e4bc082ec0fb1d4faf5fef1274867477729854846fa3,987c44b6fcd9c4f02cea593f3dd8d77e542ef66a41cc1b32f7ae66162162609c,exact-decompressed-swfmill-xml-element-v1,unresolved,none,none
28,DefineText,847,018feb0f6df2d70563bc0af8e91066578f00351b41ad51bb602184f53923d238,migrations/course-g04-l10-vb-003/audit/machine/swfmill.xml.gz,948ad43c618fedf99c23e4bc082ec0fb1d4faf5fef1274867477729854846fa3,987c44b6fcd9c4f02cea593f3dd8d77e542ef66a41cc1b32f7ae66162162609c,exact-decompressed-swfmill-xml-element-v1,unresolved,none,none
29,DefineText,846,9b058ab13e228565dfded3b97710a13bb95b1189a740a4b2d363ada0a88c6750,migrations/course-g04-l10-vb-003/audit/machine/swfmill.xml.gz,948ad43c618fedf99c23e4bc082ec0fb1d4faf5fef1274867477729854846fa3,987c44b6fcd9c4f02cea593f3dd8d77e542ef66a41cc1b32f7ae66162162609c,exact-decompressed-swfmill-xml-element-v1,unresolved,none,none
30,DefineText,846,0180bcb8fde6cde476a64e77917ca92ddc1d1e9696910587d68937b7b0830239,migrations/course-g04-l10-vb-003/audit/machine/swfmill.xml.gz,948ad43c618fedf99c23e4bc082ec0fb1d4faf5fef1274867477729854846fa3,987c44b6fcd9c4f02cea593f3dd8d77e542ef66a41cc1b32f7ae66162162609c,exact-decompressed-swfmill-xml-element-v1,unresolved,none,none
31,DefineText,846,6e46b432c2978722c5eb56c0dc0a0a6196260607011dfa9f1f96e444f1f0f4a3,migrations/course-g04-l10-vb-003/audit/machine/swfmill.xml.gz,948ad43c618fedf99c23e4bc082ec0fb1d4faf5fef1274867477729854846fa3,987c44b6fcd9c4f02cea593f3dd8d77e542ef66a41cc1b32f7ae66162162609c,exact-decompressed-swfmill-xml-element-v1,unresolved,none,none
32,DefineText,846,53e2249e280d8ece1cc7ea8899d8d831bd3b86dee7a33b06432534e14aca4b12,migrations/course-g04-l10-vb-003/audit/machine/swfmill.xml.gz,948ad43c618fedf99c23e4bc082ec0fb1d4faf5fef1274867477729854846fa3,987c44b6fcd9c4f02cea593f3dd8d77e542ef66a41cc1b32f7ae66162162609c,exact-decompressed-swfmill-xml-element-v1,unresolved,none,none
33,DefineText,846,e01bef0a498cd523a479f84a5c91416d5faf870a9d3395dca66c17d372c8f851,migrations/course-g04-l10-vb-003/audit/machine/swfmill.xml.gz,948ad43c618fedf99c23e4bc082ec0fb1d4faf5fef1274867477729854846fa3,987c44b6fcd9c4f02cea593f3dd8d77e542ef66a41cc1b32f7ae66162162609c,exact-decompressed-swfmill-xml-element-v1,unresolved,none,none
34,DefineText,847,b8a31f9711420c7fd21b096cb7ff2ee5f737780dfd7df96d9356073614052d5e,migrations/course-g04-l10-vb-003/audit/machine/swfmill.xml.gz,948ad43c618fedf99c23e4bc082ec0fb1d4faf5fef1274867477729854846fa3,987c44b6fcd9c4f02cea593f3dd8d77e542ef66a41cc1b32f7ae66162162609c,exact-decompressed-swfmill-xml-element-v1,unresolved,none,none
35,DefineText,846,9de734888f04c95fef56dd4a72f45440770a2e2f47a2b34703b5c201ee57a156,migrations/course-g04-l10-vb-003/audit/machine/swfmill.xml.gz,948ad43c618fedf99c23e4bc082ec0fb1d4faf5fef1274867477729854846fa3,987c44b6fcd9c4f02cea593f3dd8d77e542ef66a41cc1b32f7ae66162162609c,exact-decompressed-swfmill-xml-element-v1,unresolved,none,none
36,DefineText,846,4d4a0e9a4f3173b54e905428f991d1801f33ea9b6c97ebb1a3ac6401fd583527,migrations/course-g04-l10-vb-003/audit/machine/swfmill.xml.gz,948ad43c618fedf99c23e4bc082ec0fb1d4faf5fef1274867477729854846fa3,987c44b6fcd9c4f02cea593f3dd8d77e542ef66a41cc1b32f7ae66162162609c,exact-decompressed-swfmill-xml-element-v1,unresolved,none,none
37,DefineText,902,835f2e8236b4e31de591d808db8503d0b2e8f690aa7f92ee25aff33c915f0f5f,migrations/course-g04-l10-vb-003/audit/machine/swfmill.xml.gz,948ad43c618fedf99c23e4bc082ec0fb1d4faf5fef1274867477729854846fa3,987c44b6fcd9c4f02cea593f3dd8d77e542ef66a41cc1b32f7ae66162162609c,exact-decompressed-swfmill-xml-element-v1,unresolved,none,none
38,DefineText,902,ce6ea8961697fab16de6db955f16106763d20d05088233dfa9530c144516e42b,migrations/course-g04-l10-vb-003/audit/machine/swfmill.xml.gz,948ad43c618fedf99c23e4bc082ec0fb1d4faf5fef1274867477729854846fa3,987c44b6fcd9c4f02cea593f3dd8d77e542ef66a41cc1b32f7ae66162162609c,exact-decompressed-swfmill-xml-element-v1,unresolved,none,none
39,DefineText,902,a2d76eaa6106b785b7b9f4bf829dd9bf97b5e2be70466e8cd3c52be12665aac6,migrations/course-g04-l10-vb-003/audit/machine/swfmill.xml.gz,948ad43c618fedf99c23e4bc082ec0fb1d4faf5fef1274867477729854846fa3,987c44b6fcd9c4f02cea593f3dd8d77e542ef66a41cc1b32f7ae66162162609c,exact-decompressed-swfmill-xml-element-v1,unresolved,none,none
40,DefineFont2,1355,4ac196d2bdc94d7dab18056f74fdde2c083ad3aa67f7f150aa787684a30779c5,migrations/course-g04-l10-vb-003/audit/machine/swfmill.xml.gz,948ad43c618fedf99c23e4bc082ec0fb1d4faf5fef1274867477729854846fa3,987c44b6fcd9c4f02cea593f3dd8d77e542ef66a41cc1b32f7ae66162162609c,exact-decompressed-swfmill-xml-element-v1,unresolved,none,none
41,DefineText,847,d779ae274ae51af5a97e2974c1f6ec641ada13166d9fb25ec2d7865fae7113d4,migrations/course-g04-l10-vb-003/audit/machine/swfmill.xml.gz,948ad43c618fedf99c23e4bc082ec0fb1d4faf5fef1274867477729854846fa3,987c44b6fcd9c4f02cea593f3dd8d77e542ef66a41cc1b32f7ae66162162609c,exact-decompressed-swfmill-xml-element-v1,unresolved,none,none
42,DefineShape3,833,aa62cb08adbbdc4bebce23d7836beffd41b9fca33f8d64ee3d8ad8d6bbfc6df1,migrations/course-g04-l10-vb-003/audit/machine/swfmill.xml.gz,948ad43c618fedf99c23e4bc082ec0fb1d4faf5fef1274867477729854846fa3,987c44b6fcd9c4f02cea593f3dd8d77e542ef66a41cc1b32f7ae66162162609c,exact-decompressed-swfmill-xml-element-v1,unresolved,none,none
43,DefineText,2129,fd68f213a697bde6ec85b0a1bf411e89b99a376631044b88fff4f86f72c4bb81,migrations/course-g04-l10-vb-003/audit/machine/swfmill.xml.gz,948ad43c618fedf99c23e4bc082ec0fb1d4faf5fef1274867477729854846fa3,987c44b6fcd9c4f02cea593f3dd8d77e542ef66a41cc1b32f7ae66162162609c,exact-decompressed-swfmill-xml-element-v1,unresolved,none,none
44,DefineShape3,34823,25313a3328ef61f3d2b85368b7a72e8ba7b7227103ec0989651db9b3ffca6773,migrations/course-g04-l10-vb-003/audit/machine/swfmill.xml.gz,948ad43c618fedf99c23e4bc082ec0fb1d4faf5fef1274867477729854846fa3,987c44b6fcd9c4f02cea593f3dd8d77e542ef66a41cc1b32f7ae66162162609c,exact-decompressed-swfmill-xml-element-v1,unresolved,none,none
45,DefineText,847,689efec70b913eaab93704492ab58c624b993e40e367c0e31f50bd45ce135251,migrations/course-g04-l10-vb-003/audit/machine/swfmill.xml.gz,948ad43c618fedf99c23e4bc082ec0fb1d4faf5fef1274867477729854846fa3,987c44b6fcd9c4f02cea593f3dd8d77e542ef66a41cc1b32f7ae66162162609c,exact-decompressed-swfmill-xml-element-v1,unresolved,none,none
46,DefineText,846,f62cfdab994827ba9a001cd9874aa517fe84b7b0a47ac026fd5825ea52911c15,migrations/course-g04-l10-vb-003/audit/machine/swfmill.xml.gz,948ad43c618fedf99c23e4bc082ec0fb1d4faf5fef1274867477729854846fa3,987c44b6fcd9c4f02cea593f3dd8d77e542ef66a41cc1b32f7ae66162162609c,exact-decompressed-swfmill-xml-element-v1,unresolved,none,none
47,DefineText,846,22c6583e7712bbf40791e80b22555c4529721643150b1fcd0af47bea783bf5be,migrations/course-g04-l10-vb-003/audit/machine/swfmill.xml.gz,948ad43c618fedf99c23e4bc082ec0fb1d4faf5fef1274867477729854846fa3,987c44b6fcd9c4f02cea593f3dd8d77e542ef66a41cc1b32f7ae66162162609c,exact-decompressed-swfmill-xml-element-v1,unresolved,none,none
48,DefineText,846,8fd118f25c0edaa572aefd54a2cfb99228f95f45392876c2f782f1444958c75f,migrations/course-g04-l10-vb-003/audit/machine/swfmill.xml.gz,948ad43c618fedf99c23e4bc082ec0fb1d4faf5fef1274867477729854846fa3,987c44b6fcd9c4f02cea593f3dd8d77e542ef66a41cc1b32f7ae66162162609c,exact-decompressed-swfmill-xml-element-v1,unresolved,none,none
49,DefineText,846,3a3cdeaf5b69389c5e47f4d6de287887fcb8d9261ef9c2e5716c20cde984fcd0,migrations/course-g04-l10-vb-003/audit/machine/swfmill.xml.gz,948ad43c618fedf99c23e4bc082ec0fb1d4faf5fef1274867477729854846fa3,987c44b6fcd9c4f02cea593f3dd8d77e542ef66a41cc1b32f7ae66162162609c,exact-decompressed-swfmill-xml-element-v1,unresolved,none,none
50,DefineText,846,b58436de40c58c71f8d34288f52dfd3571e58e6d7de6caf4a73a7644e87f09b0,migrations/course-g04-l10-vb-003/audit/machine/swfmill.xml.gz,948ad43c618fedf99c23e4bc082ec0fb1d4faf5fef1274867477729854846fa3,987c44b6fcd9c4f02cea593f3dd8d77e542ef66a41cc1b32f7ae66162162609c,exact-decompressed-swfmill-xml-element-v1,unresolved,none,none
51,DefineText,847,def9b2cc70710972c5329013c88a8a33d699158575df79d377b7d6462f72654b,migrations/course-g04-l10-vb-003/audit/machine/swfmill.xml.gz,948ad43c618fedf99c23e4bc082ec0fb1d4faf5fef1274867477729854846fa3,987c44b6fcd9c4f02cea593f3dd8d77e542ef66a41cc1b32f7ae66162162609c,exact-decompressed-swfmill-xml-element-v1,unresolved,none,none
52,DefineText,846,3dd4419a7fee3b0fcb568c1b5052e3fb85a0be8c2daef38186474d7008632bb6,migrations/course-g04-l10-vb-003/audit/machine/swfmill.xml.gz,948ad43c618fedf99c23e4bc082ec0fb1d4faf5fef1274867477729854846fa3,987c44b6fcd9c4f02cea593f3dd8d77e542ef66a41cc1b32f7ae66162162609c,exact-decompressed-swfmill-xml-element-v1,unresolved,none,none
53,DefineText,846,136c2063951085fb610873f1d1a6f58cca2f6a3cec4d748f5a26f19cbf346ea1,migrations/course-g04-l10-vb-003/audit/machine/swfmill.xml.gz,948ad43c618fedf99c23e4bc082ec0fb1d4faf5fef1274867477729854846fa3,987c44b6fcd9c4f02cea593f3dd8d77e542ef66a41cc1b32f7ae66162162609c,exact-decompressed-swfmill-xml-element-v1,unresolved,none,none
54,DefineText,902,975cab33a7be3dc4f538f0995b238202528fc1ad9a2722cc9d6c5ff805d05739,migrations/course-g04-l10-vb-003/audit/machine/swfmill.xml.gz,948ad43c618fedf99c23e4bc082ec0fb1d4faf5fef1274867477729854846fa3,987c44b6fcd9c4f02cea593f3dd8d77e542ef66a41cc1b32f7ae66162162609c,exact-decompressed-swfmill-xml-element-v1,unresolved,none,none
55,DefineText,902,841caf4b1e90bc917971f7ef8ee18e03d205a557c8472a03250b5184cc74eb44,migrations/course-g04-l10-vb-003/audit/machine/swfmill.xml.gz,948ad43c618fedf99c23e4bc082ec0fb1d4faf5fef1274867477729854846fa3,987c44b6fcd9c4f02cea593f3dd8d77e542ef66a41cc1b32f7ae66162162609c,exact-decompressed-swfmill-xml-element-v1,unresolved,none,none
56,DefineText,902,ca47cace0a65ca09c54f3c9f34247b2a33ac73e8b797afb80dfe5bc56bf0de78,migrations/course-g04-l10-vb-003/audit/machine/swfmill.xml.gz,948ad43c618fedf99c23e4bc082ec0fb1d4faf5fef1274867477729854846fa3,987c44b6fcd9c4f02cea593f3dd8d77e542ef66a41cc1b32f7ae66162162609c,exact-decompressed-swfmill-xml-element-v1,unresolved,none,none
57,DefineText,902,9020bfcdf0b337c8fb5a3e27beda9c78a848479d95a48fca671c764fe5e79282,migrations/course-g04-l10-vb-003/audit/machine/swfmill.xml.gz,948ad43c618fedf99c23e4bc082ec0fb1d4faf5fef1274867477729854846fa3,987c44b6fcd9c4f02cea593f3dd8d77e542ef66a41cc1b32f7ae66162162609c,exact-decompressed-swfmill-xml-element-v1,unresolved,none,none
58,DefineText,902,74fe7b36489298c7b271efe0d6bd6e8722676803da115e000690ca8f260860b0,migrations/course-g04-l10-vb-003/audit/machine/swfmill.xml.gz,948ad43c618fedf99c23e4bc082ec0fb1d4faf5fef1274867477729854846fa3,987c44b6fcd9c4f02cea593f3dd8d77e542ef66a41cc1b32f7ae66162162609c,exact-decompressed-swfmill-xml-element-v1,unresolved,none,none
59,DefineText,902,7d18cd4b1a9a22e86aaeac18cccb1281d0e61542617ff39b599057e93f739dc4,migrations/course-g04-l10-vb-003/audit/machine/swfmill.xml.gz,948ad43c618fedf99c23e4bc082ec0fb1d4faf5fef1274867477729854846fa3,987c44b6fcd9c4f02cea593f3dd8d77e542ef66a41cc1b32f7ae66162162609c,exact-decompressed-swfmill-xml-element-v1,unresolved,none,none
60,DefineText,902,dca8f0fac1680761950e77e4edde999220b51773e98f41ebd9645b118c036260,migrations/course-g04-l10-vb-003/audit/machine/swfmill.xml.gz,948ad43c618fedf99c23e4bc082ec0fb1d4faf5fef1274867477729854846fa3,987c44b6fcd9c4f02cea593f3dd8d77e542ef66a41cc1b32f7ae66162162609c,exact-decompressed-swfmill-xml-element-v1,unresolved,none,none
61,DefineText,902,39a8d402d1850f9b0abf5335c1d52d0a4ef9a50ed8aa0c35298791de0d72bee6,migrations/course-g04-l10-vb-003/audit/machine/swfmill.xml.gz,948ad43c618fedf99c23e4bc082ec0fb1d4faf5fef1274867477729854846fa3,987c44b6fcd9c4f02cea593f3dd8d77e542ef66a41cc1b32f7ae66162162609c,exact-decompressed-swfmill-xml-element-v1,unresolved,none,none
62,DefineFont2,3255,6a5f1254bae014750f5e742f96c4d53a4f8013407b35d73c30bc55823798397d,migrations/course-g04-l10-vb-003/audit/machine/swfmill.xml.gz,948ad43c618fedf99c23e4bc082ec0fb1d4faf5fef1274867477729854846fa3,987c44b6fcd9c4f02cea593f3dd8d77e542ef66a41cc1b32f7ae66162162609c,exact-decompressed-swfmill-xml-element-v1,unresolved,none,none
63,DefineText,902,63c8cbb1b2fb61a39b517ced2ab8d5d4f46ea3b1dd04ec40b143bd150408d498,migrations/course-g04-l10-vb-003/audit/machine/swfmill.xml.gz,948ad43c618fedf99c23e4bc082ec0fb1d4faf5fef1274867477729854846fa3,987c44b6fcd9c4f02cea593f3dd8d77e542ef66a41cc1b32f7ae66162162609c,exact-decompressed-swfmill-xml-element-v1,unresolved,none,none
64,DefineShape,828,ab70c61303e8f181fafe44cf31b8826502ecd7c1e459fa006c837e229dfa03f2,migrations/course-g04-l10-vb-003/audit/machine/swfmill.xml.gz,948ad43c618fedf99c23e4bc082ec0fb1d4faf5fef1274867477729854846fa3,987c44b6fcd9c4f02cea593f3dd8d77e542ef66a41cc1b32f7ae66162162609c,exact-decompressed-swfmill-xml-element-v1,unresolved,none,none
65,DefineText,848,cb025c1170e5ca2b18ff6b7b93197c3d438e727ec352307ae4b5cfb2dd037aad,migrations/course-g04-l10-vb-003/audit/machine/swfmill.xml.gz,948ad43c618fedf99c23e4bc082ec0fb1d4faf5fef1274867477729854846fa3,987c44b6fcd9c4f02cea593f3dd8d77e542ef66a41cc1b32f7ae66162162609c,exact-decompressed-swfmill-xml-element-v1,unresolved,none,none
66,DefineText,847,e0cb19f8a2029ac551250659052a876a5613b2204e08c6a8203beb920a463681,migrations/course-g04-l10-vb-003/audit/machine/swfmill.xml.gz,948ad43c618fedf99c23e4bc082ec0fb1d4faf5fef1274867477729854846fa3,987c44b6fcd9c4f02cea593f3dd8d77e542ef66a41cc1b32f7ae66162162609c,exact-decompressed-swfmill-xml-element-v1,unresolved,none,none
67,DefineText,847,c52a73e03f63e8604f07c6ad216340c344cd4606b8b9fa707668c94ca10a4071,migrations/course-g04-l10-vb-003/audit/machine/swfmill.xml.gz,948ad43c618fedf99c23e4bc082ec0fb1d4faf5fef1274867477729854846fa3,987c44b6fcd9c4f02cea593f3dd8d77e542ef66a41cc1b32f7ae66162162609c,exact-decompressed-swfmill-xml-element-v1,unresolved,none,none
68,DefineText,847,e61840d3a12b18dc99876386b03487297a8ffd16a19b6d64473e10039f6f497d,migrations/course-g04-l10-vb-003/audit/machine/swfmill.xml.gz,948ad43c618fedf99c23e4bc082ec0fb1d4faf5fef1274867477729854846fa3,987c44b6fcd9c4f02cea593f3dd8d77e542ef66a41cc1b32f7ae66162162609c,exact-decompressed-swfmill-xml-element-v1,unresolved,none,none
69,DefineText,847,9ba017981681de19b2430811dbae2c83780197a9d230fd54078578728f70835a,migrations/course-g04-l10-vb-003/audit/machine/swfmill.xml.gz,948ad43c618fedf99c23e4bc082ec0fb1d4faf5fef1274867477729854846fa3,987c44b6fcd9c4f02cea593f3dd8d77e542ef66a41cc1b32f7ae66162162609c,exact-decompressed-swfmill-xml-element-v1,unresolved,none,none
70,DefineText,847,08b6002dfef3b90bc8e9d0d1df3d638d5bdd07ae6c915560e9db7b5d45e3d23a,migrations/course-g04-l10-vb-003/audit/machine/swfmill.xml.gz,948ad43c618fedf99c23e4bc082ec0fb1d4faf5fef1274867477729854846fa3,987c44b6fcd9c4f02cea593f3dd8d77e542ef66a41cc1b32f7ae66162162609c,exact-decompressed-swfmill-xml-element-v1,unresolved,none,none
71,DefineText,848,8c095adc614087133b2f2730214234bebedbb5870a08219396cc90b1ae125416,migrations/course-g04-l10-vb-003/audit/machine/swfmill.xml.gz,948ad43c618fedf99c23e4bc082ec0fb1d4faf5fef1274867477729854846fa3,987c44b6fcd9c4f02cea593f3dd8d77e542ef66a41cc1b32f7ae66162162609c,exact-decompressed-swfmill-xml-element-v1,unresolved,none,none
72,DefineText,847,941a5fd7ab90940a97f13e883869c0b75198d176d746bf5e2f682c7573b41aee,migrations/course-g04-l10-vb-003/audit/machine/swfmill.xml.gz,948ad43c618fedf99c23e4bc082ec0fb1d4faf5fef1274867477729854846fa3,987c44b6fcd9c4f02cea593f3dd8d77e542ef66a41cc1b32f7ae66162162609c,exact-decompressed-swfmill-xml-element-v1,unresolved,none,none
73,DefineText,847,b3ce98f14ef9a5c791707ba30bb9196ead74b932efde8d12e95914dd0b6572ae,migrations/course-g04-l10-vb-003/audit/machine/swfmill.xml.gz,948ad43c618fedf99c23e4bc082ec0fb1d4faf5fef1274867477729854846fa3,987c44b6fcd9c4f02cea593f3dd8d77e542ef66a41cc1b32f7ae66162162609c,exact-decompressed-swfmill-xml-element-v1,unresolved,none,none
74,DefineText,903,07fbcecb70c1408180e1125e721c5ee1658b77f84da5477b0e44126973adbd5e,migrations/course-g04-l10-vb-003/audit/machine/swfmill.xml.gz,948ad43c618fedf99c23e4bc082ec0fb1d4faf5fef1274867477729854846fa3,987c44b6fcd9c4f02cea593f3dd8d77e542ef66a41cc1b32f7ae66162162609c,exact-decompressed-swfmill-xml-element-v1,unresolved,none,none
75,DefineText,903,0dc56318ff26ad4b6f0f7305106265ffe736994c45072c589d9f80f05d355e43,migrations/course-g04-l10-vb-003/audit/machine/swfmill.xml.gz,948ad43c618fedf99c23e4bc082ec0fb1d4faf5fef1274867477729854846fa3,987c44b6fcd9c4f02cea593f3dd8d77e542ef66a41cc1b32f7ae66162162609c,exact-decompressed-swfmill-xml-element-v1,unresolved,none,none
76,DefineText,903,56642931b52dc53d508f6939d6dda7a37cb56fd23d3f18b1c56e2c40671df9a3,migrations/course-g04-l10-vb-003/audit/machine/swfmill.xml.gz,948ad43c618fedf99c23e4bc082ec0fb1d4faf5fef1274867477729854846fa3,987c44b6fcd9c4f02cea593f3dd8d77e542ef66a41cc1b32f7ae66162162609c,exact-decompressed-swfmill-xml-element-v1,unresolved,none,none
77,DefineText,903,8858c48e3b42612c5be9684d236f5971a0b8b8b40575bb7341c9529cfeef1bd2,migrations/course-g04-l10-vb-003/audit/machine/swfmill.xml.gz,948ad43c618fedf99c23e4bc082ec0fb1d4faf5fef1274867477729854846fa3,987c44b6fcd9c4f02cea593f3dd8d77e542ef66a41cc1b32f7ae66162162609c,exact-decompressed-swfmill-xml-element-v1,unresolved,none,none
78,DefineText,903,7567a0fafe4bb882f749cfd221afbfe7365e52d749e477f1af26a2807f281131,migrations/course-g04-l10-vb-003/audit/machine/swfmill.xml.gz,948ad43c618fedf99c23e4bc082ec0fb1d4faf5fef1274867477729854846fa3,987c44b6fcd9c4f02cea593f3dd8d77e542ef66a41cc1b32f7ae66162162609c,exact-decompressed-swfmill-xml-element-v1,unresolved,none,none
79,DefineText,903,f12f0ff54911f1587073c163f86c28766f5fb8b28f491117304ce03d4f71d6d1,migrations/course-g04-l10-vb-003/audit/machine/swfmill.xml.gz,948ad43c618fedf99c23e4bc082ec0fb1d4faf5fef1274867477729854846fa3,987c44b6fcd9c4f02cea593f3dd8d77e542ef66a41cc1b32f7ae66162162609c,exact-decompressed-swfmill-xml-element-v1,unresolved,none,none
80,DefineText,903,b620eb1ca66c8c8ecb8aa0e702cd0a7d2d31a730107a527911bbb078c91ef8d6,migrations/course-g04-l10-vb-003/audit/machine/swfmill.xml.gz,948ad43c618fedf99c23e4bc082ec0fb1d4faf5fef1274867477729854846fa3,987c44b6fcd9c4f02cea593f3dd8d77e542ef66a41cc1b32f7ae66162162609c,exact-decompressed-swfmill-xml-element-v1,unresolved,none,none
81,DefineText,903,a2de0e8d5dcdbe6aea333716dd026302fe0caec7e8b642aa4c117bfa17b8914e,migrations/course-g04-l10-vb-003/audit/machine/swfmill.xml.gz,948ad43c618fedf99c23e4bc082ec0fb1d4faf5fef1274867477729854846fa3,987c44b6fcd9c4f02cea593f3dd8d77e542ef66a41cc1b32f7ae66162162609c,exact-decompressed-swfmill-xml-element-v1,unresolved,none,none
82,DefineText,903,26129f8b5dd410358cbca0ebae314ea752c53856c6a8fd86ac26f089a5ad91d2,migrations/course-g04-l10-vb-003/audit/machine/swfmill.xml.gz,948ad43c618fedf99c23e4bc082ec0fb1d4faf5fef1274867477729854846fa3,987c44b6fcd9c4f02cea593f3dd8d77e542ef66a41cc1b32f7ae66162162609c,exact-decompressed-swfmill-xml-element-v1,unresolved,none,none
83,DefineText,903,46e7223782c0a4ef1415efad72da185625bff4c00a398934f00efe29f76f6bd9,migrations/course-g04-l10-vb-003/audit/machine/swfmill.xml.gz,948ad43c618fedf99c23e4bc082ec0fb1d4faf5fef1274867477729854846fa3,987c44b6fcd9c4f02cea593f3dd8d77e542ef66a41cc1b32f7ae66162162609c,exact-decompressed-swfmill-xml-element-v1,unresolved,none,none
84,DefineText,902,c171340356565de22d445de99a4b869417f909c81bcfac0163b03ea988c5cdb5,migrations/course-g04-l10-vb-003/audit/machine/swfmill.xml.gz,948ad43c618fedf99c23e4bc082ec0fb1d4faf5fef1274867477729854846fa3,987c44b6fcd9c4f02cea593f3dd8d77e542ef66a41cc1b32f7ae66162162609c,exact-decompressed-swfmill-xml-element-v1,unresolved,none,none
85,DefineText,902,447270ac34fcf98a4cec62ec32a40763bf2af78f9bea2a00b04c3d4afedbb683,migrations/course-g04-l10-vb-003/audit/machine/swfmill.xml.gz,948ad43c618fedf99c23e4bc082ec0fb1d4faf5fef1274867477729854846fa3,987c44b6fcd9c4f02cea593f3dd8d77e542ef66a41cc1b32f7ae66162162609c,exact-decompressed-swfmill-xml-element-v1,unresolved,none,none
86,DefineText,902,48cf1721922b0ab5c25ae921b631f0b596e14fa6750955305ccb106aea079905,migrations/course-g04-l10-vb-003/audit/machine/swfmill.xml.gz,948ad43c618fedf99c23e4bc082ec0fb1d4faf5fef1274867477729854846fa3,987c44b6fcd9c4f02cea593f3dd8d77e542ef66a41cc1b32f7ae66162162609c,exact-decompressed-swfmill-xml-element-v1,unresolved,none,none
87,DefineText,902,80a28c22123f54b53291315c5c3316554873b370b9a5d63fa3458904c69e9b5a,migrations/course-g04-l10-vb-003/audit/machine/swfmill.xml.gz,948ad43c618fedf99c23e4bc082ec0fb1d4faf5fef1274867477729854846fa3,987c44b6fcd9c4f02cea593f3dd8d77e542ef66a41cc1b32f7ae66162162609c,exact-decompressed-swfmill-xml-element-v1,unresolved,none,none
88,DefineText,902,e8449985ce2b25db0b0239b4df1ddbc8871f9c05bafdd49ba21c0119ecf3be8e,migrations/course-g04-l10-vb-003/audit/machine/swfmill.xml.gz,948ad43c618fedf99c23e4bc082ec0fb1d4faf5fef1274867477729854846fa3,987c44b6fcd9c4f02cea593f3dd8d77e542ef66a41cc1b32f7ae66162162609c,exact-decompressed-swfmill-xml-element-v1,unresolved,none,none
89,DefineText,902,2b0d06c33c43678582f96795ea373fe7db9f44ef283bd5d5358651979238c013,migrations/course-g04-l10-vb-003/audit/machine/swfmill.xml.gz,948ad43c618fedf99c23e4bc082ec0fb1d4faf5fef1274867477729854846fa3,987c44b6fcd9c4f02cea593f3dd8d77e542ef66a41cc1b32f7ae66162162609c,exact-decompressed-swfmill-xml-element-v1,unresolved,none,none
90,DefineText,902,e4bed795c3120d10e5e23c5c85af69267b7a39fb42fcff723bd4f70817605315,migrations/course-g04-l10-vb-003/audit/machine/swfmill.xml.gz,948ad43c618fedf99c23e4bc082ec0fb1d4faf5fef1274867477729854846fa3,987c44b6fcd9c4f02cea593f3dd8d77e542ef66a41cc1b32f7ae66162162609c,exact-decompressed-swfmill-xml-element-v1,unresolved,none,none
91,DefineShape3,27979,fc656319a5e81173703341636b1ddd1eb26da297823c25cce6fb89b9044a90ee,migrations/course-g04-l10-vb-003/audit/machine/swfmill.xml.gz,948ad43c618fedf99c23e4bc082ec0fb1d4faf5fef1274867477729854846fa3,987c44b6fcd9c4f02cea593f3dd8d77e542ef66a41cc1b32f7ae66162162609c,exact-decompressed-swfmill-xml-element-v1,unresolved,none,none
92,DefineFont2,945,0767fb57450eb8c5c1b28f57199629be775d0e95d7bfae7208139293fc3b6221,migrations/course-g04-l10-vb-003/audit/machine/swfmill.xml.gz,948ad43c618fedf99c23e4bc082ec0fb1d4faf5fef1274867477729854846fa3,987c44b6fcd9c4f02cea593f3dd8d77e542ef66a41cc1b32f7ae66162162609c,exact-decompressed-swfmill-xml-element-v1,unresolved,none,none
93,DefineText,1144,5f0e75d67d35123b84b1faf4d772bc597461d28ca250472ec0646173aeac8496,migrations/course-g04-l10-vb-003/audit/machine/swfmill.xml.gz,948ad43c618fedf99c23e4bc082ec0fb1d4faf5fef1274867477729854846fa3,987c44b6fcd9c4f02cea593f3dd8d77e542ef66a41cc1b32f7ae66162162609c,exact-decompressed-swfmill-xml-element-v1,unresolved,none,none
94,DefineText,850,db897000d84dc7eff995b1610b0df3dc70a6504d1f53a79b10713c27fa18dacd,migrations/course-g04-l10-vb-003/audit/machine/swfmill.xml.gz,948ad43c618fedf99c23e4bc082ec0fb1d4faf5fef1274867477729854846fa3,987c44b6fcd9c4f02cea593f3dd8d77e542ef66a41cc1b32f7ae66162162609c,exact-decompressed-swfmill-xml-element-v1,unresolved,none,none
95,DefineText,849,9e68cbeeb79d8707e09289e55e879a95f2c56a8045063f1bbd8abb0be255bd58,migrations/course-g04-l10-vb-003/audit/machine/swfmill.xml.gz,948ad43c618fedf99c23e4bc082ec0fb1d4faf5fef1274867477729854846fa3,987c44b6fcd9c4f02cea593f3dd8d77e542ef66a41cc1b32f7ae66162162609c,exact-decompressed-swfmill-xml-element-v1,unresolved,none,none
96,DefineText,849,b426a1a07ceac6a5e23d8613bc8164436437119b9d6ce52d1a81ed07bbd1cccb,migrations/course-g04-l10-vb-003/audit/machine/swfmill.xml.gz,948ad43c618fedf99c23e4bc082ec0fb1d4faf5fef1274867477729854846fa3,987c44b6fcd9c4f02cea593f3dd8d77e542ef66a41cc1b32f7ae66162162609c,exact-decompressed-swfmill-xml-element-v1,unresolved,none,none
97,DefineText,849,d8e18a15e87943ef2443fd92e346914e653a9791f61374ad6d131f46fa40e34c,migrations/course-g04-l10-vb-003/audit/machine/swfmill.xml.gz,948ad43c618fedf99c23e4bc082ec0fb1d4faf5fef1274867477729854846fa3,987c44b6fcd9c4f02cea593f3dd8d77e542ef66a41cc1b32f7ae66162162609c,exact-decompressed-swfmill-xml-element-v1,unresolved,none,none
98,DefineText,849,78eb646ef5293dfbe927447a329dfacc01c68aa8c3fe76a512f4ffd311f03ddd,migrations/course-g04-l10-vb-003/audit/machine/swfmill.xml.gz,948ad43c618fedf99c23e4bc082ec0fb1d4faf5fef1274867477729854846fa3,987c44b6fcd9c4f02cea593f3dd8d77e542ef66a41cc1b32f7ae66162162609c,exact-decompressed-swfmill-xml-element-v1,unresolved,none,none
99,DefineText,849,86b5a47b7bf79bb2e14c67adf2b2a0bd26af42d89e6d41ebc416e354ae14be6b,migrations/course-g04-l10-vb-003/audit/machine/swfmill.xml.gz,948ad43c618fedf99c23e4bc082ec0fb1d4faf5fef1274867477729854846fa3,987c44b6fcd9c4f02cea593f3dd8d77e542ef66a41cc1b32f7ae66162162609c,exact-decompressed-swfmill-xml-element-v1,unresolved,none,none
100,DefineText,851,9581d0f5e5c96dded78173d385a0d0a1d75debb819176b9a42e07c5544b5c2f8,migrations/course-g04-l10-vb-003/audit/machine/swfmill.xml.gz,948ad43c618fedf99c23e4bc082ec0fb1d4faf5fef1274867477729854846fa3,987c44b6fcd9c4f02cea593f3dd8d77e542ef66a41cc1b32f7ae66162162609c,exact-decompressed-swfmill-xml-element-v1,unresolved,none,none
101,DefineText,850,6514d49a04f4f2c7e88a9da8e1488bf96c9a3479c25a204c1e53de4f87f3a9e4,migrations/course-g04-l10-vb-003/audit/machine/swfmill.xml.gz,948ad43c618fedf99c23e4bc082ec0fb1d4faf5fef1274867477729854846fa3,987c44b6fcd9c4f02cea593f3dd8d77e542ef66a41cc1b32f7ae66162162609c,exact-decompressed-swfmill-xml-element-v1,unresolved,none,none
102,DefineText,850,f362664164a90c1f7e175452eedac86a7120a3516a8a2a0cf56a9aed4b128922,migrations/course-g04-l10-vb-003/audit/machine/swfmill.xml.gz,948ad43c618fedf99c23e4bc082ec0fb1d4faf5fef1274867477729854846fa3,987c44b6fcd9c4f02cea593f3dd8d77e542ef66a41cc1b32f7ae66162162609c,exact-decompressed-swfmill-xml-element-v1,unresolved,none,none
103,DefineText,906,4f59153d27e6c00a589a2db5d68f8268ff6296e034b552cc0efa073cdaa0875f,migrations/course-g04-l10-vb-003/audit/machine/swfmill.xml.gz,948ad43c618fedf99c23e4bc082ec0fb1d4faf5fef1274867477729854846fa3,987c44b6fcd9c4f02cea593f3dd8d77e542ef66a41cc1b32f7ae66162162609c,exact-decompressed-swfmill-xml-element-v1,unresolved,none,none
104,DefineText,906,9dbe617c18e4fd0137c530c24df334ae2791d39b97e2b6883099e60636b8caec,migrations/course-g04-l10-vb-003/audit/machine/swfmill.xml.gz,948ad43c618fedf99c23e4bc082ec0fb1d4faf5fef1274867477729854846fa3,987c44b6fcd9c4f02cea593f3dd8d77e542ef66a41cc1b32f7ae66162162609c,exact-decompressed-swfmill-xml-element-v1,unresolved,none,none
105,DefineText,906,d369491ab6f0db636c1abb6189f76c2f31eb8996c43399efa77d6a19ca47cb0a,migrations/course-g04-l10-vb-003/audit/machine/swfmill.xml.gz,948ad43c618fedf99c23e4bc082ec0fb1d4faf5fef1274867477729854846fa3,987c44b6fcd9c4f02cea593f3dd8d77e542ef66a41cc1b32f7ae66162162609c,exact-decompressed-swfmill-xml-element-v1,unresolved,none,none
106,DefineText,906,07733da96f068d08f94f8d80896ba4a1a21a980f102de074aa88cb8e2ce4c683,migrations/course-g04-l10-vb-003/audit/machine/swfmill.xml.gz,948ad43c618fedf99c23e4bc082ec0fb1d4faf5fef1274867477729854846fa3,987c44b6fcd9c4f02cea593f3dd8d77e542ef66a41cc1b32f7ae66162162609c,exact-decompressed-swfmill-xml-element-v1,unresolved,none,none
107,DefineText,906,873ea3815a833682f62c0c76868ec493c3f59b4a5c29be64a004d126b3aef751,migrations/course-g04-l10-vb-003/audit/machine/swfmill.xml.gz,948ad43c618fedf99c23e4bc082ec0fb1d4faf5fef1274867477729854846fa3,987c44b6fcd9c4f02cea593f3dd8d77e542ef66a41cc1b32f7ae66162162609c,exact-decompressed-swfmill-xml-element-v1,unresolved,none,none
108,DefineText,906,d873a2053330cb2b1c6c093ffb17b37614d118a67136f7414dc098c878540a84,migrations/course-g04-l10-vb-003/audit/machine/swfmill.xml.gz,948ad43c618fedf99c23e4bc082ec0fb1d4faf5fef1274867477729854846fa3,987c44b6fcd9c4f02cea593f3dd8d77e542ef66a41cc1b32f7ae66162162609c,exact-decompressed-swfmill-xml-element-v1,unresolved,none,none
109,DefineText,906,1ce9d7d8a73e442717c8d90d1bcea1049e4dcd9483e83413e65acaa896f1fe8f,migrations/course-g04-l10-vb-003/audit/machine/swfmill.xml.gz,948ad43c618fedf99c23e4bc082ec0fb1d4faf5fef1274867477729854846fa3,987c44b6fcd9c4f02cea593f3dd8d77e542ef66a41cc1b32f7ae66162162609c,exact-decompressed-swfmill-xml-element-v1,unresolved,none,none
110,DefineText,906,947c6feb5c9814c3ae55d9bbe533a76911b1a1ea00a5871e64214a3cb3b0517d,migrations/course-g04-l10-vb-003/audit/machine/swfmill.xml.gz,948ad43c618fedf99c23e4bc082ec0fb1d4faf5fef1274867477729854846fa3,987c44b6fcd9c4f02cea593f3dd8d77e542ef66a41cc1b32f7ae66162162609c,exact-decompressed-swfmill-xml-element-v1,unresolved,none,none
111,DefineText,906,b578f931fc371229f3f3616cf53e7f7c3ae8c89d50cf27fe90bb61402fedf786,migrations/course-g04-l10-vb-003/audit/machine/swfmill.xml.gz,948ad43c618fedf99c23e4bc082ec0fb1d4faf5fef1274867477729854846fa3,987c44b6fcd9c4f02cea593f3dd8d77e542ef66a41cc1b32f7ae66162162609c,exact-decompressed-swfmill-xml-element-v1,unresolved,none,none
112,DefineText,906,62d6df650c2675d6c52706ec0fc43c80b01c2d1bb3c775d737f922c9c045cf7a,migrations/course-g04-l10-vb-003/audit/machine/swfmill.xml.gz,948ad43c618fedf99c23e4bc082ec0fb1d4faf5fef1274867477729854846fa3,987c44b6fcd9c4f02cea593f3dd8d77e542ef66a41cc1b32f7ae66162162609c,exact-decompressed-swfmill-xml-element-v1,unresolved,none,none
113,DefineText,905,59695c3dcbbe52868838cf447fe1dc8e2323c86ed98c6738a3b34cd48a8da027,migrations/course-g04-l10-vb-003/audit/machine/swfmill.xml.gz,948ad43c618fedf99c23e4bc082ec0fb1d4faf5fef1274867477729854846fa3,987c44b6fcd9c4f02cea593f3dd8d77e542ef66a41cc1b32f7ae66162162609c,exact-decompressed-swfmill-xml-element-v1,unresolved,none,none
114,DefineText,905,db207a3424d96d3c12d03eb8842d301753750f69cc28ab2f15a265addb20e937,migrations/course-g04-l10-vb-003/audit/machine/swfmill.xml.gz,948ad43c618fedf99c23e4bc082ec0fb1d4faf5fef1274867477729854846fa3,987c44b6fcd9c4f02cea593f3dd8d77e542ef66a41cc1b32f7ae66162162609c,exact-decompressed-swfmill-xml-element-v1,unresolved,none,none
115,DefineText,905,d57b9f5f42448ec3f3d3a2cb8978cec73e09dff9b77bbd9258dcee0db84cae43,migrations/course-g04-l10-vb-003/audit/machine/swfmill.xml.gz,948ad43c618fedf99c23e4bc082ec0fb1d4faf5fef1274867477729854846fa3,987c44b6fcd9c4f02cea593f3dd8d77e542ef66a41cc1b32f7ae66162162609c,exact-decompressed-swfmill-xml-element-v1,unresolved,none,none
116,DefineText,905,a8367cacc30f3c7f11ae53564d3b2cfc58e355cf83258cf08ffad1fa866b83e1,migrations/course-g04-l10-vb-003/audit/machine/swfmill.xml.gz,948ad43c618fedf99c23e4bc082ec0fb1d4faf5fef1274867477729854846fa3,987c44b6fcd9c4f02cea593f3dd8d77e542ef66a41cc1b32f7ae66162162609c,exact-decompressed-swfmill-xml-element-v1,unresolved,none,none
117,DefineText,905,749fdf770f3280a87039388fd0d96051912a3e2762d5c577a2335562a9f78665,migrations/course-g04-l10-vb-003/audit/machine/swfmill.xml.gz,948ad43c618fedf99c23e4bc082ec0fb1d4faf5fef1274867477729854846fa3,987c44b6fcd9c4f02cea593f3dd8d77e542ef66a41cc1b32f7ae66162162609c,exact-decompressed-swfmill-xml-element-v1,unresolved,none,none
118,DefineText,905,6ba5109f35c9ea134f303f07be9eddabdf3c7ff099b413cbefc2ac7f5f1f0dba,migrations/course-g04-l10-vb-003/audit/machine/swfmill.xml.gz,948ad43c618fedf99c23e4bc082ec0fb1d4faf5fef1274867477729854846fa3,987c44b6fcd9c4f02cea593f3dd8d77e542ef66a41cc1b32f7ae66162162609c,exact-decompressed-swfmill-xml-element-v1,unresolved,none,none
119,DefineText,905,b5a6c416e1ff5046f003e114607604853ba3a7b92ebab0a0923b90170f6eb192,migrations/course-g04-l10-vb-003/audit/machine/swfmill.xml.gz,948ad43c618fedf99c23e4bc082ec0fb1d4faf5fef1274867477729854846fa3,987c44b6fcd9c4f02cea593f3dd8d77e542ef66a41cc1b32f7ae66162162609c,exact-decompressed-swfmill-xml-element-v1,unresolved,none,none
120,DefineSprite,515339,945cd4972510205e8ffa16ca3b9865f42a4da118958785dbf3dc71b9df70a993,migrations/course-g04-l10-vb-003/audit/machine/swfmill.xml.gz,948ad43c618fedf99c23e4bc082ec0fb1d4faf5fef1274867477729854846fa3,987c44b6fcd9c4f02cea593f3dd8d77e542ef66a41cc1b32f7ae66162162609c,exact-decompressed-swfmill-xml-element-v1,unresolved,none,none
