cue_id,language,source_file,sha256,start_frame,start_frame_domain_id,start_semantics,duration_ms,format,channels,sample_rate_hz,source_character_id,notes
catalog-audio-01,es,source-assets/flash/HELP MATH_ORIGINAL FILES/HELP_COURSES/ELMGR5/L4/SA/L4IN14.mp3,5b4f40807bad1ddd51c675ddb7a502e104884ef8ddd20fe1297874ec3f5cc408,,,host-user-activated,9672,mp3,1,48000,,ffprobe version 8.1.2 Copyright (c) 2007-2026 the FFmpeg developers; codec=mp3; stream_bitrate_bps=112000; container_bitrate_bps=112000; language=es from legacy host directory semantics (The legacy host maps language code SP and Spanish page audio to the SA directory.); start_semantics=host-user-activated; no child-timeline start_frame is asserted; spoken content and synchronization require authoritative listening.
embedded-stream-0001,und,source-assets/flash/HELP MATH_ORIGINAL FILES/HELP_COURSES/ELMGR5/L4/IN/L4IN14.swf,0d4d9d3492d6188d6feb669c789c109b11ca1c01d55af9276e79197c18530e89,,,interaction-state,2220,swf-mp3-stream,1,22050,49,"SoundStream in sprite:49, local head frame 1, first block frame 1, 27 blocks, sync=stream; sum-of-mp3-soundstreamblock-sample-counts; start_semantics=interaction-state; root cue depends on sprite placement/interaction and remains unresolved; no root frame is asserted; spoken language/content requires listening."
embedded-stream-0002,und,source-assets/flash/HELP MATH_ORIGINAL FILES/HELP_COURSES/ELMGR5/L4/IN/L4IN14.swf,0d4d9d3492d6188d6feb669c789c109b11ca1c01d55af9276e79197c18530e89,,,interaction-state,2142,swf-mp3-stream,1,22050,61,"SoundStream in sprite:61, local head frame 1, first block frame 2, 26 blocks, sync=stream; sum-of-mp3-soundstreamblock-sample-counts; start_semantics=interaction-state; root cue depends on sprite placement/interaction and remains unresolved; no root frame is asserted; spoken language/content requires listening."
embedded-stream-0003,und,source-assets/flash/HELP MATH_ORIGINAL FILES/HELP_COURSES/ELMGR5/L4/IN/L4IN14.swf,0d4d9d3492d6188d6feb669c789c109b11ca1c01d55af9276e79197c18530e89,,,interaction-state,2220,swf-mp3-stream,1,22050,89,"SoundStream in sprite:89, local head frame 1, first block frame 2, 27 blocks, sync=stream; sum-of-mp3-soundstreamblock-sample-counts; start_semantics=interaction-state; root cue depends on sprite placement/interaction and remains unresolved; no root frame is asserted; spoken language/content requires listening."
embedded-stream-0004,und,source-assets/flash/HELP MATH_ORIGINAL FILES/HELP_COURSES/ELMGR5/L4/IN/L4IN14.swf,0d4d9d3492d6188d6feb669c789c109b11ca1c01d55af9276e79197c18530e89,,,interaction-state,2482,swf-mp3-stream,1,22050,103,"SoundStream in sprite:103, local head frame 1, first block frame 3, 30 blocks, sync=stream; sum-of-mp3-soundstreamblock-sample-counts; start_semantics=interaction-state; root cue depends on sprite placement/interaction and remains unresolved; no root frame is asserted; spoken language/content requires listening."
embedded-stream-0005,und,source-assets/flash/HELP MATH_ORIGINAL FILES/HELP_COURSES/ELMGR5/L4/IN/L4IN14.swf,0d4d9d3492d6188d6feb669c789c109b11ca1c01d55af9276e79197c18530e89,,,interaction-state,2142,swf-mp3-stream,1,22050,142,"SoundStream in sprite:142, local head frame 1, first block frame 2, 26 blocks, sync=stream; sum-of-mp3-soundstreamblock-sample-counts; start_semantics=interaction-state; root cue depends on sprite placement/interaction and remains unresolved; no root frame is asserted; spoken language/content requires listening."
embedded-stream-0006,und,source-assets/flash/HELP MATH_ORIGINAL FILES/HELP_COURSES/ELMGR5/L4/IN/L4IN14.swf,0d4d9d3492d6188d6feb669c789c109b11ca1c01d55af9276e79197c18530e89,,,interaction-state,2717,swf-mp3-stream,1,22050,156,"SoundStream in sprite:156, local head frame 1, first block frame 2, 34 blocks, sync=stream; sum-of-mp3-soundstreamblock-sample-counts; start_semantics=interaction-state; root cue depends on sprite placement/interaction and remains unresolved; no root frame is asserted; spoken language/content requires listening."
embedded-stream-0007,und,source-assets/flash/HELP MATH_ORIGINAL FILES/HELP_COURSES/ELMGR5/L4/IN/L4IN14.swf,0d4d9d3492d6188d6feb669c789c109b11ca1c01d55af9276e79197c18530e89,,,interaction-state,392,swf-mp3-stream,1,22050,164,"SoundStream in sprite:164, local head frame 1, first block frame 1, 5 blocks, sync=stream; sum-of-mp3-soundstreamblock-sample-counts; start_semantics=interaction-state; root cue depends on sprite placement/interaction and remains unresolved; no root frame is asserted; spoken language/content requires listening."
embedded-stream-0008,und,source-assets/flash/HELP MATH_ORIGINAL FILES/HELP_COURSES/ELMGR5/L4/IN/L4IN14.swf,0d4d9d3492d6188d6feb669c789c109b11ca1c01d55af9276e79197c18530e89,,,interaction-state,1384,swf-mp3-stream,1,22050,168,"SoundStream in sprite:168, local head frame 1, first block frame 2, 17 blocks, sync=stream; sum-of-mp3-soundstreamblock-sample-counts; start_semantics=interaction-state; root cue depends on sprite placement/interaction and remains unresolved; no root frame is asserted; spoken language/content requires listening."
embedded-stream-0009,und,source-assets/flash/HELP MATH_ORIGINAL FILES/HELP_COURSES/ELMGR5/L4/IN/L4IN14.swf,0d4d9d3492d6188d6feb669c789c109b11ca1c01d55af9276e79197c18530e89,,,interaction-state,16065,swf-mp3-stream,1,22050,170,"SoundStream in sprite:170, local head frame 1, first block frame 5, 193 blocks, sync=stream; sum-of-mp3-soundstreamblock-sample-counts; start_semantics=interaction-state; root cue depends on sprite placement/interaction and remains unresolved; no root frame is asserted; spoken language/content requires listening."
