asset_id,swf_character_id,library_symbol,type,source_file,source_frame,exported_file,sha256,format,dimensions_or_bounds,font_glyphs,transformation,confidence,license_or_provenance,notes
swf-definition-00011,1,,shape,source-assets/flash/HELP MATH_ORIGINAL FILES/HELP_COURSES/ELMGR5/L5/IN/L5IN03.swf,,,7990e001c5af1a2505b8f4322f4e9de19b991ed64d1d7fc8a594d1445b6093d4,DefineShape,,,none; machine census only; no renderer export,machine-extracted-definition-candidate,owner-provided SWF,container=root; definitionDepth=0; tagOrdinal=11; payloadBytes=2292; rawTagPayloadSha256=7990e001c5af1a2505b8f4322f4e9de19b991ed64d1d7fc8a594d1445b6093d4; exactTagIdentitySha256=5de567c95c89424b1da267d7fcea3078ba8ab915e3e3f93d2a85aca0a96b7cac; runtime reachability unresolved; placement and bounds unresolved; renderer suitability unresolved
swf-definition-00013,2,,shape,source-assets/flash/HELP MATH_ORIGINAL FILES/HELP_COURSES/ELMGR5/L5/IN/L5IN03.swf,,,baee6572f6e5df040fb3e3d627231015cb1bbcfe1e77a456b14507ba0a3ca59f,DefineShape,,,none; machine census only; no renderer export,machine-extracted-definition-candidate,owner-provided SWF,container=root; definitionDepth=0; tagOrdinal=13; payloadBytes=39; rawTagPayloadSha256=baee6572f6e5df040fb3e3d627231015cb1bbcfe1e77a456b14507ba0a3ca59f; exactTagIdentitySha256=7cdd2dc6457671cdb3d4b067e275f53161f85ab9f6a12c8875861c7ce285bdd0; runtime reachability unresolved; placement and bounds unresolved; renderer suitability unresolved
swf-definition-00014,3,Bauhaus Md BT,font,source-assets/flash/HELP MATH_ORIGINAL FILES/HELP_COURSES/ELMGR5/L5/IN/L5IN03.swf,,,d08147a92b8f85f795cdf832d8bc57542dd22de246ddb4d3363cced1665d3215,DefineFont2,,34,none; machine census only; no renderer export,machine-extracted-definition-candidate,owner-provided SWF,container=root; definitionDepth=0; tagOrdinal=14; payloadBytes=2455; rawTagPayloadSha256=d08147a92b8f85f795cdf832d8bc57542dd22de246ddb4d3363cced1665d3215; exactTagIdentitySha256=b67849b7badad2c05d28fee4e833c14147208637c32446d032757ee856e7283d; runtime reachability unresolved; placement and bounds unresolved; renderer suitability unresolved
swf-definition-00015,4,,text,source-assets/flash/HELP MATH_ORIGINAL FILES/HELP_COURSES/ELMGR5/L5/IN/L5IN03.swf,,,1146aecdc5c84ddec49303a33619d087106f642e68730ee04fbe0d9256f87d33,DefineText,,,none; machine census only; no renderer export,machine-extracted-definition-candidate,owner-provided SWF,container=root; definitionDepth=0; tagOrdinal=15; payloadBytes=25; rawTagPayloadSha256=1146aecdc5c84ddec49303a33619d087106f642e68730ee04fbe0d9256f87d33; exactTagIdentitySha256=495cae0c382dccddce099ccdcaab587eb764368f437aa207655b5ee26fa25ac8; runtime reachability unresolved; placement and bounds unresolved; renderer suitability unresolved
swf-definition-00016,5,,text,source-assets/flash/HELP MATH_ORIGINAL FILES/HELP_COURSES/ELMGR5/L5/IN/L5IN03.swf,,,f34d6a9cc9df4b95b936d36144b75c084974df5c5960571bfcd279323294dfb4,DefineText,,,none; machine census only; no renderer export,machine-extracted-definition-candidate,owner-provided SWF,container=root; definitionDepth=0; tagOrdinal=16; payloadBytes=25; rawTagPayloadSha256=f34d6a9cc9df4b95b936d36144b75c084974df5c5960571bfcd279323294dfb4; exactTagIdentitySha256=d65c4959cca00c4981c7dfd220a70b1071d2807dfa0419133ffaf865e937718d; runtime reachability unresolved; placement and bounds unresolved; renderer suitability unresolved
swf-definition-00017,6,,text,source-assets/flash/HELP MATH_ORIGINAL FILES/HELP_COURSES/ELMGR5/L5/IN/L5IN03.swf,,,6d49ccaaed02b0dbb8e416cfd1670e4deb269b264a97c037accd1069e3e3aef9,DefineText,,,none; machine census only; no renderer export,machine-extracted-definition-candidate,owner-provided SWF,container=root; definitionDepth=0; tagOrdinal=17; payloadBytes=25; rawTagPayloadSha256=6d49ccaaed02b0dbb8e416cfd1670e4deb269b264a97c037accd1069e3e3aef9; exactTagIdentitySha256=7769f3768cdb06153fb54c3d9f0f2e740a330a1e47eacc5534a0a37b15000c51; runtime reachability unresolved; placement and bounds unresolved; renderer suitability unresolved
swf-definition-00018,7,,text,source-assets/flash/HELP MATH_ORIGINAL FILES/HELP_COURSES/ELMGR5/L5/IN/L5IN03.swf,,,7f01917ddda8d4df84216daa7a5e3457a71cfce1c64bcc8114fab5691f8ca76b,DefineText,,,none; machine census only; no renderer export,machine-extracted-definition-candidate,owner-provided SWF,container=root; definitionDepth=0; tagOrdinal=18; payloadBytes=25; rawTagPayloadSha256=7f01917ddda8d4df84216daa7a5e3457a71cfce1c64bcc8114fab5691f8ca76b; exactTagIdentitySha256=775a5611c310fde769c95ba879782282b3eac20a45d09caa5c08ee4f25c3165b; runtime reachability unresolved; placement and bounds unresolved; renderer suitability unresolved
swf-definition-00019,8,,text,source-assets/flash/HELP MATH_ORIGINAL FILES/HELP_COURSES/ELMGR5/L5/IN/L5IN03.swf,,,06ed171bb99a927f9dd979fee6d5130283d3d51068045b31eea7f4ef1f3faa9c,DefineText,,,none; machine census only; no renderer export,machine-extracted-definition-candidate,owner-provided SWF,container=root; definitionDepth=0; tagOrdinal=19; payloadBytes=25; rawTagPayloadSha256=06ed171bb99a927f9dd979fee6d5130283d3d51068045b31eea7f4ef1f3faa9c; exactTagIdentitySha256=13c26bb6df78dae95eb8d51eaa7047d642a9f16ae36be0d7716eb021491cea0f; runtime reachability unresolved; placement and bounds unresolved; renderer suitability unresolved
swf-definition-00020,9,,text,source-assets/flash/HELP MATH_ORIGINAL FILES/HELP_COURSES/ELMGR5/L5/IN/L5IN03.swf,,,684f7dd130af0c2b2badbac89673a851e46d36e282b84c3901591cd6bc2d8dc5,DefineText,,,none; machine census only; no renderer export,machine-extracted-definition-candidate,owner-provided SWF,container=root; definitionDepth=0; tagOrdinal=20; payloadBytes=25; rawTagPayloadSha256=684f7dd130af0c2b2badbac89673a851e46d36e282b84c3901591cd6bc2d8dc5; exactTagIdentitySha256=a494c3903d8ac976b2edf8e17ae66f4a7efd1fb450ad73fb4f01005568497dda; runtime reachability unresolved; placement and bounds unresolved; renderer suitability unresolved
swf-definition-00021,10,,text,source-assets/flash/HELP MATH_ORIGINAL FILES/HELP_COURSES/ELMGR5/L5/IN/L5IN03.swf,,,6c4a88f969ca5c3588aabd76fca3f9751ab6fb2f629df08640dcdf116e93434a,DefineText,,,none; machine census only; no renderer export,machine-extracted-definition-candidate,owner-provided SWF,container=root; definitionDepth=0; tagOrdinal=21; payloadBytes=25; rawTagPayloadSha256=6c4a88f969ca5c3588aabd76fca3f9751ab6fb2f629df08640dcdf116e93434a; exactTagIdentitySha256=25de5bd6c9d8b30fd2b0afcd15b4019aab6ca4b123e3ef6159e7d8b68f233d0b; runtime reachability unresolved; placement and bounds unresolved; renderer suitability unresolved
swf-definition-00022,11,,text,source-assets/flash/HELP MATH_ORIGINAL FILES/HELP_COURSES/ELMGR5/L5/IN/L5IN03.swf,,,6fff53b6d0b584a23f31637618c0c70ee87cc3735903db9afd15784089b0b5ae,DefineText,,,none; machine census only; no renderer export,machine-extracted-definition-candidate,owner-provided SWF,container=root; definitionDepth=0; tagOrdinal=22; payloadBytes=25; rawTagPayloadSha256=6fff53b6d0b584a23f31637618c0c70ee87cc3735903db9afd15784089b0b5ae; exactTagIdentitySha256=80d98b76e87cbfdf135bcf0c4b79812c1b6f2e0dc4a2339335d966f52acbc095; runtime reachability unresolved; placement and bounds unresolved; renderer suitability unresolved
swf-definition-00023,12,,text,source-assets/flash/HELP MATH_ORIGINAL FILES/HELP_COURSES/ELMGR5/L5/IN/L5IN03.swf,,,f8523e88d30373858dc1f2df4098b7e617365640c9819a37fd59e892fd66c140,DefineText,,,none; machine census only; no renderer export,machine-extracted-definition-candidate,owner-provided SWF,container=root; definitionDepth=0; tagOrdinal=23; payloadBytes=25; rawTagPayloadSha256=f8523e88d30373858dc1f2df4098b7e617365640c9819a37fd59e892fd66c140; exactTagIdentitySha256=d6d0e4d210c36d9de19c214894c8e5fe27ce8002f31a3e7c5158c28743304ecd; runtime reachability unresolved; placement and bounds unresolved; renderer suitability unresolved
swf-definition-00024,13,,text,source-assets/flash/HELP MATH_ORIGINAL FILES/HELP_COURSES/ELMGR5/L5/IN/L5IN03.swf,,,486daf52dccf787423686cd4aa80466732a48b5874e1a448c4d7a6ae45da868a,DefineText,,,none; machine census only; no renderer export,machine-extracted-definition-candidate,owner-provided SWF,container=root; definitionDepth=0; tagOrdinal=24; payloadBytes=25; rawTagPayloadSha256=486daf52dccf787423686cd4aa80466732a48b5874e1a448c4d7a6ae45da868a; exactTagIdentitySha256=40d57f6772485da896d183901d2d1d06504544cf41332bf721d59360816a26a4; runtime reachability unresolved; placement and bounds unresolved; renderer suitability unresolved
swf-definition-00025,14,,text,source-assets/flash/HELP MATH_ORIGINAL FILES/HELP_COURSES/ELMGR5/L5/IN/L5IN03.swf,,,d2ac8827b5c5768d5fc41df33a0dc8173a5b0f7bbd8b5c43cffc95e60dde1af0,DefineText,,,none; machine census only; no renderer export,machine-extracted-definition-candidate,owner-provided SWF,container=root; definitionDepth=0; tagOrdinal=25; payloadBytes=25; rawTagPayloadSha256=d2ac8827b5c5768d5fc41df33a0dc8173a5b0f7bbd8b5c43cffc95e60dde1af0; exactTagIdentitySha256=68ebb08d2cc72c6bf6d8f566e4072b09d3d8841e1a4bbf852ccbbb94301f7dd2; runtime reachability unresolved; placement and bounds unresolved; renderer suitability unresolved
swf-definition-00026,15,,text,source-assets/flash/HELP MATH_ORIGINAL FILES/HELP_COURSES/ELMGR5/L5/IN/L5IN03.swf,,,929fd9943f184b6a66b5f44239fc8cf2b9f08f021f3e149a57e72566eb6cf64b,DefineText,,,none; machine census only; no renderer export,machine-extracted-definition-candidate,owner-provided SWF,container=root; definitionDepth=0; tagOrdinal=26; payloadBytes=25; rawTagPayloadSha256=929fd9943f184b6a66b5f44239fc8cf2b9f08f021f3e149a57e72566eb6cf64b; exactTagIdentitySha256=70afcfc3cd01f85f71bdfc27110eeab32c73591b84106a15f3c0ffc1bc881747; runtime reachability unresolved; placement and bounds unresolved; renderer suitability unresolved
swf-definition-00027,16,,text,source-assets/flash/HELP MATH_ORIGINAL FILES/HELP_COURSES/ELMGR5/L5/IN/L5IN03.swf,,,04890f65a67362f5caa2897715dcfefffcb8e001f088cb4e60d373dfc9372f6a,DefineText,,,none; machine census only; no renderer export,machine-extracted-definition-candidate,owner-provided SWF,container=root; definitionDepth=0; tagOrdinal=27; payloadBytes=25; rawTagPayloadSha256=04890f65a67362f5caa2897715dcfefffcb8e001f088cb4e60d373dfc9372f6a; exactTagIdentitySha256=aba08f82ceb89ce41bc9d800dbee304f95072562236d29f8b946cbb8bbc15a40; runtime reachability unresolved; placement and bounds unresolved; renderer suitability unresolved
swf-definition-00028,17,,text,source-assets/flash/HELP MATH_ORIGINAL FILES/HELP_COURSES/ELMGR5/L5/IN/L5IN03.swf,,,36430669afca70febbb44e3f0941d66497a2326818811fcf5795257e36e9bfd8,DefineText,,,none; machine census only; no renderer export,machine-extracted-definition-candidate,owner-provided SWF,container=root; definitionDepth=0; tagOrdinal=28; payloadBytes=25; rawTagPayloadSha256=36430669afca70febbb44e3f0941d66497a2326818811fcf5795257e36e9bfd8; exactTagIdentitySha256=98e64f5e88b3819edde178092730cb747ea746e08bb3ab5f19dac20d6e0ab503; runtime reachability unresolved; placement and bounds unresolved; renderer suitability unresolved
swf-definition-00029,18,,text,source-assets/flash/HELP MATH_ORIGINAL FILES/HELP_COURSES/ELMGR5/L5/IN/L5IN03.swf,,,15aa4a432744bca12b80a93a5b38bff7293149b2ff4530ba44253d58db924340,DefineText,,,none; machine census only; no renderer export,machine-extracted-definition-candidate,owner-provided SWF,container=root; definitionDepth=0; tagOrdinal=29; payloadBytes=25; rawTagPayloadSha256=15aa4a432744bca12b80a93a5b38bff7293149b2ff4530ba44253d58db924340; exactTagIdentitySha256=57d3160eab3586baf80c90375d547bcfd8efaafa430bd5676586497784bb8a96; runtime reachability unresolved; placement and bounds unresolved; renderer suitability unresolved
swf-definition-00030,19,,text,source-assets/flash/HELP MATH_ORIGINAL FILES/HELP_COURSES/ELMGR5/L5/IN/L5IN03.swf,,,56c010346cfb038893702787f75d9be775d43bbe6fa5ae80b0ff02a2fadd2cfc,DefineText,,,none; machine census only; no renderer export,machine-extracted-definition-candidate,owner-provided SWF,container=root; definitionDepth=0; tagOrdinal=30; payloadBytes=25; rawTagPayloadSha256=56c010346cfb038893702787f75d9be775d43bbe6fa5ae80b0ff02a2fadd2cfc; exactTagIdentitySha256=eed7d7a83e28ba3ff0f9641f883f96b930fcb5caff7ba9a170d2ce5b7dea1e18; runtime reachability unresolved; placement and bounds unresolved; renderer suitability unresolved
swf-definition-00031,20,,text,source-assets/flash/HELP MATH_ORIGINAL FILES/HELP_COURSES/ELMGR5/L5/IN/L5IN03.swf,,,dea80065852be6056f4d07694d0556c42f7ad9ef9c55a7181c8b0bfc4d81a1b0,DefineText,,,none; machine census only; no renderer export,machine-extracted-definition-candidate,owner-provided SWF,container=root; definitionDepth=0; tagOrdinal=31; payloadBytes=25; rawTagPayloadSha256=dea80065852be6056f4d07694d0556c42f7ad9ef9c55a7181c8b0bfc4d81a1b0; exactTagIdentitySha256=8703467967f13d2e2fdf6d6e6e69c566b6696f2f0400f25aa271bb07895a1c44; runtime reachability unresolved; placement and bounds unresolved; renderer suitability unresolved
swf-definition-00032,21,,text,source-assets/flash/HELP MATH_ORIGINAL FILES/HELP_COURSES/ELMGR5/L5/IN/L5IN03.swf,,,394321594efee7ba95cdd393df1c68c1f1a094940e4aea587567338cff7012bc,DefineText,,,none; machine census only; no renderer export,machine-extracted-definition-candidate,owner-provided SWF,container=root; definitionDepth=0; tagOrdinal=32; payloadBytes=25; rawTagPayloadSha256=394321594efee7ba95cdd393df1c68c1f1a094940e4aea587567338cff7012bc; exactTagIdentitySha256=e672d23618afa2ab16a2ef41ec72e5c6bdd65a8df6b4461e0044886e900da84e; runtime reachability unresolved; placement and bounds unresolved; renderer suitability unresolved
swf-definition-00033,22,,text,source-assets/flash/HELP MATH_ORIGINAL FILES/HELP_COURSES/ELMGR5/L5/IN/L5IN03.swf,,,bf941f1209f726cd588b29e3977637966046f9932a350fcef8ec2620dc434702,DefineText,,,none; machine census only; no renderer export,machine-extracted-definition-candidate,owner-provided SWF,container=root; definitionDepth=0; tagOrdinal=33; payloadBytes=25; rawTagPayloadSha256=bf941f1209f726cd588b29e3977637966046f9932a350fcef8ec2620dc434702; exactTagIdentitySha256=92fbc71d28a77a75b912618b7eeadf7254fea5386ade93a0f9bb5227760928e4; runtime reachability unresolved; placement and bounds unresolved; renderer suitability unresolved
swf-definition-00034,23,,text,source-assets/flash/HELP MATH_ORIGINAL FILES/HELP_COURSES/ELMGR5/L5/IN/L5IN03.swf,,,c1ad3a5a6da4fe2daf11ff084678af2c5c128cbddfe8bcf14c95ff2dc3bf999c,DefineText,,,none; machine census only; no renderer export,machine-extracted-definition-candidate,owner-provided SWF,container=root; definitionDepth=0; tagOrdinal=34; payloadBytes=25; rawTagPayloadSha256=c1ad3a5a6da4fe2daf11ff084678af2c5c128cbddfe8bcf14c95ff2dc3bf999c; exactTagIdentitySha256=f94fdf1437a254a4c2dad61ee686bafe296ba1f1cfe14bbd669ea3978d354929; runtime reachability unresolved; placement and bounds unresolved; renderer suitability unresolved
swf-definition-00035,24,,shape,source-assets/flash/HELP MATH_ORIGINAL FILES/HELP_COURSES/ELMGR5/L5/IN/L5IN03.swf,,,f8b28cf0fbda37978fe50b36eb3c47d177641adb90f292597b0692c2d6f43eb7,DefineShape2,,,none; machine census only; no renderer export,machine-extracted-definition-candidate,owner-provided SWF,container=root; definitionDepth=0; tagOrdinal=35; payloadBytes=219; rawTagPayloadSha256=f8b28cf0fbda37978fe50b36eb3c47d177641adb90f292597b0692c2d6f43eb7; exactTagIdentitySha256=c12493197e71c0c0fc5f786a1fa482f3d269794bc7e09b3a0a5f8c9882562984; runtime reachability unresolved; placement and bounds unresolved; renderer suitability unresolved
swf-definition-00036,25,,shape,source-assets/flash/HELP MATH_ORIGINAL FILES/HELP_COURSES/ELMGR5/L5/IN/L5IN03.swf,,,009d7fd4728c8d518a0ef1157061e79807a25928cf892ae9e32bb15d51d694eb,DefineShape,,,none; machine census only; no renderer export,machine-extracted-definition-candidate,owner-provided SWF,container=root; definitionDepth=0; tagOrdinal=36; payloadBytes=83; rawTagPayloadSha256=009d7fd4728c8d518a0ef1157061e79807a25928cf892ae9e32bb15d51d694eb; exactTagIdentitySha256=36d3abd4e252f572195394a4390188f36f7c79468338f4b785c5a248566c5b91; runtime reachability unresolved; placement and bounds unresolved; renderer suitability unresolved
swf-definition-00037,26,,shape,source-assets/flash/HELP MATH_ORIGINAL FILES/HELP_COURSES/ELMGR5/L5/IN/L5IN03.swf,,,4f6f05678144e20d6b586360c7376a633d60e293f1bc7832550acd557be592ab,DefineShape,,,none; machine census only; no renderer export,machine-extracted-definition-candidate,owner-provided SWF,container=root; definitionDepth=0; tagOrdinal=37; payloadBytes=25; rawTagPayloadSha256=4f6f05678144e20d6b586360c7376a633d60e293f1bc7832550acd557be592ab; exactTagIdentitySha256=b7e12342834b80b2c6c606b3b2461e22069a42de3f0ecdca3e6f9c9a747fe784; runtime reachability unresolved; placement and bounds unresolved; renderer suitability unresolved
swf-definition-00038,27,,text,source-assets/flash/HELP MATH_ORIGINAL FILES/HELP_COURSES/ELMGR5/L5/IN/L5IN03.swf,,,7d533dc8c485e43a839f4c498bfe744f99d4331ff6d3ccebf587cc427cef5023,DefineText,,,none; machine census only; no renderer export,machine-extracted-definition-candidate,owner-provided SWF,container=root; definitionDepth=0; tagOrdinal=38; payloadBytes=55; rawTagPayloadSha256=7d533dc8c485e43a839f4c498bfe744f99d4331ff6d3ccebf587cc427cef5023; exactTagIdentitySha256=a41475e3733eff0a1dc6429889757da4e806c3547224afde152cc835bb7b6722; runtime reachability unresolved; placement and bounds unresolved; renderer suitability unresolved
swf-definition-00039,28,,shape,source-assets/flash/HELP MATH_ORIGINAL FILES/HELP_COURSES/ELMGR5/L5/IN/L5IN03.swf,,,63282ad68b1a28ce5135428fb7812dc467d93ae4c56cbc411bd3993319267b7e,DefineShape,,,none; machine census only; no renderer export,machine-extracted-definition-candidate,owner-provided SWF,container=root; definitionDepth=0; tagOrdinal=39; payloadBytes=31; rawTagPayloadSha256=63282ad68b1a28ce5135428fb7812dc467d93ae4c56cbc411bd3993319267b7e; exactTagIdentitySha256=56f3b1ca8de8b341f1f8efd9464c82bbc59b1612d788220714a8062f1fe1d42c; runtime reachability unresolved; placement and bounds unresolved; renderer suitability unresolved
swf-definition-00040,29,,button,source-assets/flash/HELP MATH_ORIGINAL FILES/HELP_COURSES/ELMGR5/L5/IN/L5IN03.swf,,,f4ef2345e6bd4da09fcb6754d321160ff1f4ecd45cb6e9defcb020fa6505d8b1,DefineButton2,,,none; machine census only; no renderer export,machine-extracted-definition-candidate,owner-provided SWF,container=root; definitionDepth=0; tagOrdinal=40; payloadBytes=179; rawTagPayloadSha256=f4ef2345e6bd4da09fcb6754d321160ff1f4ecd45cb6e9defcb020fa6505d8b1; exactTagIdentitySha256=d28a19babe5ed8482cf1a82ddbfe0267bfd55eccaca4b46c69afc3f8fde55901; runtime reachability unresolved; placement and bounds unresolved; renderer suitability unresolved
swf-definition-00041,30,,shape,source-assets/flash/HELP MATH_ORIGINAL FILES/HELP_COURSES/ELMGR5/L5/IN/L5IN03.swf,,,4c27182c266f4a6555944e634e8582d37ec7cb6f90408edafc6adc76eb960b93,DefineShape,,,none; machine census only; no renderer export,machine-extracted-definition-candidate,owner-provided SWF,container=root; definitionDepth=0; tagOrdinal=41; payloadBytes=82; rawTagPayloadSha256=4c27182c266f4a6555944e634e8582d37ec7cb6f90408edafc6adc76eb960b93; exactTagIdentitySha256=44b10821902dd19925a380335f1f7a9249e562ab06176026b22fcd7892c18d88; runtime reachability unresolved; placement and bounds unresolved; renderer suitability unresolved
swf-definition-00042,31,,text,source-assets/flash/HELP MATH_ORIGINAL FILES/HELP_COURSES/ELMGR5/L5/IN/L5IN03.swf,,,346af7e31eabead824834465fb54d343077406392842aebbb2d5fcfcf93a64f2,DefineText,,,none; machine census only; no renderer export,machine-extracted-definition-candidate,owner-provided SWF,container=root; definitionDepth=0; tagOrdinal=42; payloadBytes=55; rawTagPayloadSha256=346af7e31eabead824834465fb54d343077406392842aebbb2d5fcfcf93a64f2; exactTagIdentitySha256=f0944a958b41b0f3b05c2bd931657c753755b7d3a476f2a03b8c47ba16577e8e; runtime reachability unresolved; placement and bounds unresolved; renderer suitability unresolved
swf-definition-00043,32,,button,source-assets/flash/HELP MATH_ORIGINAL FILES/HELP_COURSES/ELMGR5/L5/IN/L5IN03.swf,,,5a8599f06ac56a8b7caab2eb391f90215d5126f9985c8573f447c3db00dc8038,DefineButton2,,,none; machine census only; no renderer export,machine-extracted-definition-candidate,owner-provided SWF,container=root; definitionDepth=0; tagOrdinal=43; payloadBytes=179; rawTagPayloadSha256=5a8599f06ac56a8b7caab2eb391f90215d5126f9985c8573f447c3db00dc8038; exactTagIdentitySha256=23f5b34453ecacb391b8e502ad87fbab5f766bd8d3765884070ce360548594c6; runtime reachability unresolved; placement and bounds unresolved; renderer suitability unresolved
swf-definition-00044,33,,morph,source-assets/flash/HELP MATH_ORIGINAL FILES/HELP_COURSES/ELMGR5/L5/IN/L5IN03.swf,,,71f9272fb0cb391cd1559a915eecc42ad82327326b4c94585558e0f9f450ba5f,DefineMorphShape,,,none; machine census only; no renderer export,machine-extracted-definition-candidate,owner-provided SWF,container=root; definitionDepth=0; tagOrdinal=44; payloadBytes=81; rawTagPayloadSha256=71f9272fb0cb391cd1559a915eecc42ad82327326b4c94585558e0f9f450ba5f; exactTagIdentitySha256=d0aeef2b7148be3025c7023e54a6925d6a603213630e4a6b056c4a3aa51604c6; runtime reachability unresolved; placement and bounds unresolved; renderer suitability unresolved
swf-definition-00045,34,,shape,source-assets/flash/HELP MATH_ORIGINAL FILES/HELP_COURSES/ELMGR5/L5/IN/L5IN03.swf,,,e52ae1b374ece08934bfe4d0e82f1720a9d57ac0ec5e67ac2097e0fdd3d104cb,DefineShape3,,,none; machine census only; no renderer export,machine-extracted-definition-candidate,owner-provided SWF,container=root; definitionDepth=0; tagOrdinal=45; payloadBytes=35; rawTagPayloadSha256=e52ae1b374ece08934bfe4d0e82f1720a9d57ac0ec5e67ac2097e0fdd3d104cb; exactTagIdentitySha256=060dc3a2e13e973dbf8dd0ef48149e254916406214bcfe432c587895bdea6009; runtime reachability unresolved; placement and bounds unresolved; renderer suitability unresolved
swf-definition-00046,35,,shape,source-assets/flash/HELP MATH_ORIGINAL FILES/HELP_COURSES/ELMGR5/L5/IN/L5IN03.swf,,,71ded1166d82097789fc53ab95351c4165da6395b406b850d80ff9a3e2351ca1,DefineShape,,,none; machine census only; no renderer export,machine-extracted-definition-candidate,owner-provided SWF,container=root; definitionDepth=0; tagOrdinal=46; payloadBytes=311; rawTagPayloadSha256=71ded1166d82097789fc53ab95351c4165da6395b406b850d80ff9a3e2351ca1; exactTagIdentitySha256=1ceafb2fef6435781aad97b5b359722da7549f611f1c7242bd97ebc9a997e8f9; runtime reachability unresolved; placement and bounds unresolved; renderer suitability unresolved
swf-definition-00047,36,,shape,source-assets/flash/HELP MATH_ORIGINAL FILES/HELP_COURSES/ELMGR5/L5/IN/L5IN03.swf,,,f63ffb71a148824ab5ee8cc6763307c2a1382ce05e7de99eddcad81795d6e602,DefineShape2,,,none; machine census only; no renderer export,machine-extracted-definition-candidate,owner-provided SWF,container=root; definitionDepth=0; tagOrdinal=47; payloadBytes=148; rawTagPayloadSha256=f63ffb71a148824ab5ee8cc6763307c2a1382ce05e7de99eddcad81795d6e602; exactTagIdentitySha256=d241d8dcde20b23d6da7752581983d45f6013bbe884bb09153049f1cb01a457b; runtime reachability unresolved; placement and bounds unresolved; renderer suitability unresolved
swf-definition-00048,37,,shape,source-assets/flash/HELP MATH_ORIGINAL FILES/HELP_COURSES/ELMGR5/L5/IN/L5IN03.swf,,,3d9607d4db0d87122db8fd92a9f16748fecd8c061a4c1f1cb8b35671b86a1e53,DefineShape2,,,none; machine census only; no renderer export,machine-extracted-definition-candidate,owner-provided SWF,container=root; definitionDepth=0; tagOrdinal=48; payloadBytes=89; rawTagPayloadSha256=3d9607d4db0d87122db8fd92a9f16748fecd8c061a4c1f1cb8b35671b86a1e53; exactTagIdentitySha256=c23223889e0f540689d0eaec830cd61a3ea24aa1e205f884162ae2961c184eb0; runtime reachability unresolved; placement and bounds unresolved; renderer suitability unresolved
swf-definition-00049,38,,shape,source-assets/flash/HELP MATH_ORIGINAL FILES/HELP_COURSES/ELMGR5/L5/IN/L5IN03.swf,,,674aec01aa75ff3b242baec2a04450f9b855c48f05475b1275b8498a56028459,DefineShape,,,none; machine census only; no renderer export,machine-extracted-definition-candidate,owner-provided SWF,container=root; definitionDepth=0; tagOrdinal=49; payloadBytes=39; rawTagPayloadSha256=674aec01aa75ff3b242baec2a04450f9b855c48f05475b1275b8498a56028459; exactTagIdentitySha256=0950477612c335dc6b88b21c1e0365f1379b7b7153f203615df4e05f5aa80ea2; runtime reachability unresolved; placement and bounds unresolved; renderer suitability unresolved
swf-definition-00050,39,,shape,source-assets/flash/HELP MATH_ORIGINAL FILES/HELP_COURSES/ELMGR5/L5/IN/L5IN03.swf,,,2a84a89604d12c7246dcf1493a00c0797cb611fc79957c366dcf16608e124dff,DefineShape2,,,none; machine census only; no renderer export,machine-extracted-definition-candidate,owner-provided SWF,container=root; definitionDepth=0; tagOrdinal=50; payloadBytes=193; rawTagPayloadSha256=2a84a89604d12c7246dcf1493a00c0797cb611fc79957c366dcf16608e124dff; exactTagIdentitySha256=d824ccd5ec6d1ca173a60c2a0bf1b8b5cda4c2102f888c896fbf7c4777c4e360; runtime reachability unresolved; placement and bounds unresolved; renderer suitability unresolved
swf-definition-00051,40,,text,source-assets/flash/HELP MATH_ORIGINAL FILES/HELP_COURSES/ELMGR5/L5/IN/L5IN03.swf,,,92e7af0d38afea131e50de18c807cd0b37395632d490c0a0c26c134cef0e6259,DefineText,,,none; machine census only; no renderer export,machine-extracted-definition-candidate,owner-provided SWF,container=root; definitionDepth=0; tagOrdinal=51; payloadBytes=49; rawTagPayloadSha256=92e7af0d38afea131e50de18c807cd0b37395632d490c0a0c26c134cef0e6259; exactTagIdentitySha256=f7cdd10992030b1877f90c5a51cb5657c98de0d2762bbef39082baa866358235; runtime reachability unresolved; placement and bounds unresolved; renderer suitability unresolved
swf-definition-00052,41,,shape,source-assets/flash/HELP MATH_ORIGINAL FILES/HELP_COURSES/ELMGR5/L5/IN/L5IN03.swf,,,1949a1532ef2b9439f4575ce12d0fa557ed527f70622b9aa55732246a7113781,DefineShape,,,none; machine census only; no renderer export,machine-extracted-definition-candidate,owner-provided SWF,container=root; definitionDepth=0; tagOrdinal=52; payloadBytes=53; rawTagPayloadSha256=1949a1532ef2b9439f4575ce12d0fa557ed527f70622b9aa55732246a7113781; exactTagIdentitySha256=7864367a8479b05165d9b9176da16bea7bdeb4ab2cffffbaf6d52fb3b4564126; runtime reachability unresolved; placement and bounds unresolved; renderer suitability unresolved
swf-definition-00053,42,,shape,source-assets/flash/HELP MATH_ORIGINAL FILES/HELP_COURSES/ELMGR5/L5/IN/L5IN03.swf,,,60880a02bd8a28c33c7800a183203247a55d7e08b00c7f3f3176e34d626d711d,DefineShape,,,none; machine census only; no renderer export,machine-extracted-definition-candidate,owner-provided SWF,container=root; definitionDepth=0; tagOrdinal=53; payloadBytes=92; rawTagPayloadSha256=60880a02bd8a28c33c7800a183203247a55d7e08b00c7f3f3176e34d626d711d; exactTagIdentitySha256=282ca1bc1e7473d430879e00b4a8e36e70bcc688a9ae8febea8bb0a11534631f; runtime reachability unresolved; placement and bounds unresolved; renderer suitability unresolved
swf-definition-00054,43,,text,source-assets/flash/HELP MATH_ORIGINAL FILES/HELP_COURSES/ELMGR5/L5/IN/L5IN03.swf,,,35b20f9b5d981d22dec757a3726eeb218a2d63b5ac4a38fb6dafb77214750551,DefineText,,,none; machine census only; no renderer export,machine-extracted-definition-candidate,owner-provided SWF,container=root; definitionDepth=0; tagOrdinal=54; payloadBytes=25; rawTagPayloadSha256=35b20f9b5d981d22dec757a3726eeb218a2d63b5ac4a38fb6dafb77214750551; exactTagIdentitySha256=7061cd178b45efc79abdf2e0cf7a7a23bfc7556d59f3d7c674ecf9936e43e20a; runtime reachability unresolved; placement and bounds unresolved; renderer suitability unresolved
swf-definition-00055,44,,morph,source-assets/flash/HELP MATH_ORIGINAL FILES/HELP_COURSES/ELMGR5/L5/IN/L5IN03.swf,,,1c9b658176bf7c32846a38e2295aececf6a88cba20282f1123d332843bcf03d9,DefineMorphShape,,,none; machine census only; no renderer export,machine-extracted-definition-candidate,owner-provided SWF,container=root; definitionDepth=0; tagOrdinal=55; payloadBytes=54; rawTagPayloadSha256=1c9b658176bf7c32846a38e2295aececf6a88cba20282f1123d332843bcf03d9; exactTagIdentitySha256=def8d36b10385693fe3a89b49387fab17d1e0f5e9eb71722a1b36f74d84666b9; runtime reachability unresolved; placement and bounds unresolved; renderer suitability unresolved
swf-definition-00056,45,,shape,source-assets/flash/HELP MATH_ORIGINAL FILES/HELP_COURSES/ELMGR5/L5/IN/L5IN03.swf,,,65d00713c3942d95534fa464af24a031c15214f5506c27a4a0ba560ec79fff9c,DefineShape,,,none; machine census only; no renderer export,machine-extracted-definition-candidate,owner-provided SWF,container=root; definitionDepth=0; tagOrdinal=56; payloadBytes=33; rawTagPayloadSha256=65d00713c3942d95534fa464af24a031c15214f5506c27a4a0ba560ec79fff9c; exactTagIdentitySha256=d99e3dc45fee496ad6bdee505798132abd5d8f6dd5eb809b85d046874a2f1a68; runtime reachability unresolved; placement and bounds unresolved; renderer suitability unresolved
swf-definition-00057,46,,shape,source-assets/flash/HELP MATH_ORIGINAL FILES/HELP_COURSES/ELMGR5/L5/IN/L5IN03.swf,,,94c40eb9dd7c9e42cc8e9597536f665b3335bc5564343cb1595d1fb1eb696a15,DefineShape,,,none; machine census only; no renderer export,machine-extracted-definition-candidate,owner-provided SWF,container=root; definitionDepth=0; tagOrdinal=57; payloadBytes=24; rawTagPayloadSha256=94c40eb9dd7c9e42cc8e9597536f665b3335bc5564343cb1595d1fb1eb696a15; exactTagIdentitySha256=e7d3e6c69429ed98ad642196aab79ccfaad56c782c0344600a71eba813b91211; runtime reachability unresolved; placement and bounds unresolved; renderer suitability unresolved
swf-definition-00058,47,,shape,source-assets/flash/HELP MATH_ORIGINAL FILES/HELP_COURSES/ELMGR5/L5/IN/L5IN03.swf,,,76a9723eb0bb9d84d732d5e84bebc953ef7a0f5930ddd7f2e4b1f3477d5bb027,DefineShape,,,none; machine census only; no renderer export,machine-extracted-definition-candidate,owner-provided SWF,container=root; definitionDepth=0; tagOrdinal=58; payloadBytes=26; rawTagPayloadSha256=76a9723eb0bb9d84d732d5e84bebc953ef7a0f5930ddd7f2e4b1f3477d5bb027; exactTagIdentitySha256=d481bc1bca2b97fcc75e9507b4a0f7b092f3983eea66f68ccd8243233808ab3c; runtime reachability unresolved; placement and bounds unresolved; renderer suitability unresolved
swf-definition-00059,48,,morph,source-assets/flash/HELP MATH_ORIGINAL FILES/HELP_COURSES/ELMGR5/L5/IN/L5IN03.swf,,,954370401e6584bf3667d00d89d728d9ee613ff4c5afaa933fb7982c0f8a5b1e,DefineMorphShape,,,none; machine census only; no renderer export,machine-extracted-definition-candidate,owner-provided SWF,container=root; definitionDepth=0; tagOrdinal=59; payloadBytes=54; rawTagPayloadSha256=954370401e6584bf3667d00d89d728d9ee613ff4c5afaa933fb7982c0f8a5b1e; exactTagIdentitySha256=d94b6771d82fa61ac8eb0e786d5a855413f2689ae941623ca79ad000f62c21e9; runtime reachability unresolved; placement and bounds unresolved; renderer suitability unresolved
swf-definition-00060,49,,shape,source-assets/flash/HELP MATH_ORIGINAL FILES/HELP_COURSES/ELMGR5/L5/IN/L5IN03.swf,,,1a0a134335ddb492a181c0b775bebcb71cd17857d6e8a93ed94df36be936a064,DefineShape,,,none; machine census only; no renderer export,machine-extracted-definition-candidate,owner-provided SWF,container=root; definitionDepth=0; tagOrdinal=60; payloadBytes=26; rawTagPayloadSha256=1a0a134335ddb492a181c0b775bebcb71cd17857d6e8a93ed94df36be936a064; exactTagIdentitySha256=ef938fc5a2dff129c39c5c5a31326bcab0aa8e0bee2c05019b5327e270ba8dab; runtime reachability unresolved; placement and bounds unresolved; renderer suitability unresolved
swf-definition-00061,50,,morph,source-assets/flash/HELP MATH_ORIGINAL FILES/HELP_COURSES/ELMGR5/L5/IN/L5IN03.swf,,,da8c4458f8c6fd8f490785425f85cb532a3eb0e9c561c5e66178c6feabb99ef2,DefineMorphShape,,,none; machine census only; no renderer export,machine-extracted-definition-candidate,owner-provided SWF,container=root; definitionDepth=0; tagOrdinal=61; payloadBytes=54; rawTagPayloadSha256=da8c4458f8c6fd8f490785425f85cb532a3eb0e9c561c5e66178c6feabb99ef2; exactTagIdentitySha256=5a25d7dcc83986ab042a5ebd9f710a1ad6ac6371b81e54c7b20f0f356284e5a1; runtime reachability unresolved; placement and bounds unresolved; renderer suitability unresolved
swf-definition-00062,51,,shape,source-assets/flash/HELP MATH_ORIGINAL FILES/HELP_COURSES/ELMGR5/L5/IN/L5IN03.swf,,,637b480b822580ed74c56cc799ca5b5ef54386ce28e9808c3a0b7fe985fb367c,DefineShape,,,none; machine census only; no renderer export,machine-extracted-definition-candidate,owner-provided SWF,container=root; definitionDepth=0; tagOrdinal=62; payloadBytes=27; rawTagPayloadSha256=637b480b822580ed74c56cc799ca5b5ef54386ce28e9808c3a0b7fe985fb367c; exactTagIdentitySha256=cceaf7dce8f8435c6ed8ec3fc6ade260d920a6e69c804fdcd6228a8f391fd0a3; runtime reachability unresolved; placement and bounds unresolved; renderer suitability unresolved
swf-definition-00063,52,,morph,source-assets/flash/HELP MATH_ORIGINAL FILES/HELP_COURSES/ELMGR5/L5/IN/L5IN03.swf,,,8aaddf5bef498c7f6f862252cb2cf109cc3ca7346dfeb6c3b17a4ddd7a39077b,DefineMorphShape,,,none; machine census only; no renderer export,machine-extracted-definition-candidate,owner-provided SWF,container=root; definitionDepth=0; tagOrdinal=63; payloadBytes=54; rawTagPayloadSha256=8aaddf5bef498c7f6f862252cb2cf109cc3ca7346dfeb6c3b17a4ddd7a39077b; exactTagIdentitySha256=cd1aafa0c81916c088586616daaf5bab8865c8f1617fd859e7cedf640cca788d; runtime reachability unresolved; placement and bounds unresolved; renderer suitability unresolved
swf-definition-00064,53,,shape,source-assets/flash/HELP MATH_ORIGINAL FILES/HELP_COURSES/ELMGR5/L5/IN/L5IN03.swf,,,ab3a37e6040a359ea6c48b4e74d438bb459f28867c85da39e7e42daf118548f5,DefineShape,,,none; machine census only; no renderer export,machine-extracted-definition-candidate,owner-provided SWF,container=root; definitionDepth=0; tagOrdinal=64; payloadBytes=27; rawTagPayloadSha256=ab3a37e6040a359ea6c48b4e74d438bb459f28867c85da39e7e42daf118548f5; exactTagIdentitySha256=e108f9786e052b542c898ccc09b085ad86732ca2ab9ed70b1482ec8ed8f99357; runtime reachability unresolved; placement and bounds unresolved; renderer suitability unresolved
swf-definition-00065,54,,morph,source-assets/flash/HELP MATH_ORIGINAL FILES/HELP_COURSES/ELMGR5/L5/IN/L5IN03.swf,,,be68c771299eabd9a2f762bce9ee25c6bae7b1a0899658c9898c402211af637b,DefineMorphShape,,,none; machine census only; no renderer export,machine-extracted-definition-candidate,owner-provided SWF,container=root; definitionDepth=0; tagOrdinal=65; payloadBytes=54; rawTagPayloadSha256=be68c771299eabd9a2f762bce9ee25c6bae7b1a0899658c9898c402211af637b; exactTagIdentitySha256=b0423f0de266d855bfa553689b17c8f74c3e309ccef37931fc923b21f1c06655; runtime reachability unresolved; placement and bounds unresolved; renderer suitability unresolved
swf-definition-00066,55,,shape,source-assets/flash/HELP MATH_ORIGINAL FILES/HELP_COURSES/ELMGR5/L5/IN/L5IN03.swf,,,6271a03a1479ef6494076b7bd32140002ae7bc1fcf3c316d7f548786d4333f6c,DefineShape,,,none; machine census only; no renderer export,machine-extracted-definition-candidate,owner-provided SWF,container=root; definitionDepth=0; tagOrdinal=66; payloadBytes=27; rawTagPayloadSha256=6271a03a1479ef6494076b7bd32140002ae7bc1fcf3c316d7f548786d4333f6c; exactTagIdentitySha256=3922dfe05f6b6125a50aaaab695527e13f608c79acb9d4bfc7bbb3b68e82f37e; runtime reachability unresolved; placement and bounds unresolved; renderer suitability unresolved
swf-definition-00067,56,,morph,source-assets/flash/HELP MATH_ORIGINAL FILES/HELP_COURSES/ELMGR5/L5/IN/L5IN03.swf,,,4b3417c9a84430ad0eb75667b4af5ccf37e331177ed8bb9beb641171a05df8a4,DefineMorphShape,,,none; machine census only; no renderer export,machine-extracted-definition-candidate,owner-provided SWF,container=root; definitionDepth=0; tagOrdinal=67; payloadBytes=53; rawTagPayloadSha256=4b3417c9a84430ad0eb75667b4af5ccf37e331177ed8bb9beb641171a05df8a4; exactTagIdentitySha256=12dc8eec234d2892e657a20ebf30e68b6bdcadc22100617c9dd23bd3351e44e7; runtime reachability unresolved; placement and bounds unresolved; renderer suitability unresolved
swf-definition-00068,57,,shape,source-assets/flash/HELP MATH_ORIGINAL FILES/HELP_COURSES/ELMGR5/L5/IN/L5IN03.swf,,,1ba581fda309da0aea76358c19f23a75926b80bdb392c68899fd930878ddbcfa,DefineShape,,,none; machine census only; no renderer export,machine-extracted-definition-candidate,owner-provided SWF,container=root; definitionDepth=0; tagOrdinal=68; payloadBytes=26; rawTagPayloadSha256=1ba581fda309da0aea76358c19f23a75926b80bdb392c68899fd930878ddbcfa; exactTagIdentitySha256=7a5311ba37b7893be4035bcd5b71bb60eaba7fe0013ac84747caaa02a332271b; runtime reachability unresolved; placement and bounds unresolved; renderer suitability unresolved
swf-definition-00069,58,,shape,source-assets/flash/HELP MATH_ORIGINAL FILES/HELP_COURSES/ELMGR5/L5/IN/L5IN03.swf,,,6b9999b1a6ccb80bbff5d3a17ce837c7ec7ca77f61a538889c47b5f4891570b9,DefineShape,,,none; machine census only; no renderer export,machine-extracted-definition-candidate,owner-provided SWF,container=root; definitionDepth=0; tagOrdinal=69; payloadBytes=125; rawTagPayloadSha256=6b9999b1a6ccb80bbff5d3a17ce837c7ec7ca77f61a538889c47b5f4891570b9; exactTagIdentitySha256=1951664757ee5183fef1923aee960bc2f59fb751b09278db6f18b8d3989d8735; runtime reachability unresolved; placement and bounds unresolved; renderer suitability unresolved
swf-definition-00070,59,,text,source-assets/flash/HELP MATH_ORIGINAL FILES/HELP_COURSES/ELMGR5/L5/IN/L5IN03.swf,,,cd061c0629b643fcb18bf5314a0be740c0f54cd8b3477e7140050baa477e54b0,DefineText,,,none; machine census only; no renderer export,machine-extracted-definition-candidate,owner-provided SWF,container=root; definitionDepth=0; tagOrdinal=70; payloadBytes=25; rawTagPayloadSha256=cd061c0629b643fcb18bf5314a0be740c0f54cd8b3477e7140050baa477e54b0; exactTagIdentitySha256=d92f51970b27b7e0156d9ddb3ab28c970b98fc6d9646a7c235641c474663114d; runtime reachability unresolved; placement and bounds unresolved; renderer suitability unresolved
swf-definition-00071,60,,text,source-assets/flash/HELP MATH_ORIGINAL FILES/HELP_COURSES/ELMGR5/L5/IN/L5IN03.swf,,,fa0394f095c5287e7e46496ab287f5cfa4b79721512b7282fd611126d22816e8,DefineText,,,none; machine census only; no renderer export,machine-extracted-definition-candidate,owner-provided SWF,container=root; definitionDepth=0; tagOrdinal=71; payloadBytes=25; rawTagPayloadSha256=fa0394f095c5287e7e46496ab287f5cfa4b79721512b7282fd611126d22816e8; exactTagIdentitySha256=ff58218ca51a0cb8818117d3b10b5d55067b751a83c5127a7fd42896ad13bb06; runtime reachability unresolved; placement and bounds unresolved; renderer suitability unresolved
swf-definition-00072,61,,shape,source-assets/flash/HELP MATH_ORIGINAL FILES/HELP_COURSES/ELMGR5/L5/IN/L5IN03.swf,,,701bf8e1a05b78794fb72c4a8461ef737ab894f2ea8408a0926ca8f727d85242,DefineShape3,,,none; machine census only; no renderer export,machine-extracted-definition-candidate,owner-provided SWF,container=root; definitionDepth=0; tagOrdinal=72; payloadBytes=41; rawTagPayloadSha256=701bf8e1a05b78794fb72c4a8461ef737ab894f2ea8408a0926ca8f727d85242; exactTagIdentitySha256=f2562096f71176912e8c0cb7610861fb7a2b1b2ea108db92205925b7c13337ab; runtime reachability unresolved; placement and bounds unresolved; renderer suitability unresolved
swf-definition-00073,62,,shape,source-assets/flash/HELP MATH_ORIGINAL FILES/HELP_COURSES/ELMGR5/L5/IN/L5IN03.swf,,,8f2548b26e3c70470a83b8786a8330dd3d8f7a14443b32572be105987e5d8dfb,DefineShape,,,none; machine census only; no renderer export,machine-extracted-definition-candidate,owner-provided SWF,container=root; definitionDepth=0; tagOrdinal=73; payloadBytes=36; rawTagPayloadSha256=8f2548b26e3c70470a83b8786a8330dd3d8f7a14443b32572be105987e5d8dfb; exactTagIdentitySha256=20f639dca4299aed16af763ed6986513398aeba128075b8b0e59b18367ce830b; runtime reachability unresolved; placement and bounds unresolved; renderer suitability unresolved
swf-definition-00074,63,,text,source-assets/flash/HELP MATH_ORIGINAL FILES/HELP_COURSES/ELMGR5/L5/IN/L5IN03.swf,,,69100effa92b23f8d433dd37b69e547e666a9b4992462849cdecdf6cfc8cbce8,DefineText,,,none; machine census only; no renderer export,machine-extracted-definition-candidate,owner-provided SWF,container=root; definitionDepth=0; tagOrdinal=74; payloadBytes=26; rawTagPayloadSha256=69100effa92b23f8d433dd37b69e547e666a9b4992462849cdecdf6cfc8cbce8; exactTagIdentitySha256=86ccd3d63a7578b895df7ba247bcbe1390fed721de91fcb4efd1f0fbbc1a8429; runtime reachability unresolved; placement and bounds unresolved; renderer suitability unresolved
swf-definition-00075,64,,shape,source-assets/flash/HELP MATH_ORIGINAL FILES/HELP_COURSES/ELMGR5/L5/IN/L5IN03.swf,,,342f35cb7624e8968ed77c46e46d03d6fd49e1694e2a6ac078038074f3881cd7,DefineShape,,,none; machine census only; no renderer export,machine-extracted-definition-candidate,owner-provided SWF,container=root; definitionDepth=0; tagOrdinal=75; payloadBytes=35; rawTagPayloadSha256=342f35cb7624e8968ed77c46e46d03d6fd49e1694e2a6ac078038074f3881cd7; exactTagIdentitySha256=231e468274049897d2a079db46024fd1e037f22fa848726e48e00f28a47c5b3e; runtime reachability unresolved; placement and bounds unresolved; renderer suitability unresolved
swf-definition-00076,65,,shape,source-assets/flash/HELP MATH_ORIGINAL FILES/HELP_COURSES/ELMGR5/L5/IN/L5IN03.swf,,,93c01466bce2cdb0979510b9a2234dc0ec3165f5e94bf973f8076d05863ac7ca,DefineShape,,,none; machine census only; no renderer export,machine-extracted-definition-candidate,owner-provided SWF,container=root; definitionDepth=0; tagOrdinal=76; payloadBytes=36; rawTagPayloadSha256=93c01466bce2cdb0979510b9a2234dc0ec3165f5e94bf973f8076d05863ac7ca; exactTagIdentitySha256=9a7a9be8204be6551afde5cee4f9ecdf294b165749e959c039b491e93894e767; runtime reachability unresolved; placement and bounds unresolved; renderer suitability unresolved
swf-definition-00077,66,,shape,source-assets/flash/HELP MATH_ORIGINAL FILES/HELP_COURSES/ELMGR5/L5/IN/L5IN03.swf,,,67e170f2ebecf31e80fc663ff158b01241606f71f0d1e541f3ac57e26aa485fb,DefineShape,,,none; machine census only; no renderer export,machine-extracted-definition-candidate,owner-provided SWF,container=root; definitionDepth=0; tagOrdinal=77; payloadBytes=36; rawTagPayloadSha256=67e170f2ebecf31e80fc663ff158b01241606f71f0d1e541f3ac57e26aa485fb; exactTagIdentitySha256=b6877d1f5d35915b2a6ebc391ebc3dedf92ed271e45fe78f01e74f083094598f; runtime reachability unresolved; placement and bounds unresolved; renderer suitability unresolved
swf-definition-00078,67,,text,source-assets/flash/HELP MATH_ORIGINAL FILES/HELP_COURSES/ELMGR5/L5/IN/L5IN03.swf,,,4713ac6618f9a637bb324b5f981102451d09f44aa603cf1bd61e93c79a61acb5,DefineText,,,none; machine census only; no renderer export,machine-extracted-definition-candidate,owner-provided SWF,container=root; definitionDepth=0; tagOrdinal=78; payloadBytes=26; rawTagPayloadSha256=4713ac6618f9a637bb324b5f981102451d09f44aa603cf1bd61e93c79a61acb5; exactTagIdentitySha256=60d53394794897a9dda8c51cc3eff33886631f9b6fb8a6512165d83d3218cb60; runtime reachability unresolved; placement and bounds unresolved; renderer suitability unresolved
swf-definition-00079,68,,shape,source-assets/flash/HELP MATH_ORIGINAL FILES/HELP_COURSES/ELMGR5/L5/IN/L5IN03.swf,,,657c88039c94d13e0e4d70fb87a444c86ae8fb121c8282c16ef1b3c013a24c83,DefineShape,,,none; machine census only; no renderer export,machine-extracted-definition-candidate,owner-provided SWF,container=root; definitionDepth=0; tagOrdinal=79; payloadBytes=36; rawTagPayloadSha256=657c88039c94d13e0e4d70fb87a444c86ae8fb121c8282c16ef1b3c013a24c83; exactTagIdentitySha256=4be6fb65e5c9d19660d82092dd2ccdbdeeb4cc8d72909beadcb01afd70135997; runtime reachability unresolved; placement and bounds unresolved; renderer suitability unresolved
swf-definition-00080,69,,shape,source-assets/flash/HELP MATH_ORIGINAL FILES/HELP_COURSES/ELMGR5/L5/IN/L5IN03.swf,,,6187fbf8df5b14d9dfcd43588b19143e7ce6d55829276906bcf195cbaa1f3f80,DefineShape,,,none; machine census only; no renderer export,machine-extracted-definition-candidate,owner-provided SWF,container=root; definitionDepth=0; tagOrdinal=80; payloadBytes=35; rawTagPayloadSha256=6187fbf8df5b14d9dfcd43588b19143e7ce6d55829276906bcf195cbaa1f3f80; exactTagIdentitySha256=0184d8977b2882dfbcabb0b1070bde080a194bb62074e391468001caf7b4f585; runtime reachability unresolved; placement and bounds unresolved; renderer suitability unresolved
swf-definition-00081,70,,shape,source-assets/flash/HELP MATH_ORIGINAL FILES/HELP_COURSES/ELMGR5/L5/IN/L5IN03.swf,,,dbbf235fca439081a93447a5904cf7eafd8c3a9e749d9a0a2b9bc2472d2245bc,DefineShape,,,none; machine census only; no renderer export,machine-extracted-definition-candidate,owner-provided SWF,container=root; definitionDepth=0; tagOrdinal=81; payloadBytes=35; rawTagPayloadSha256=dbbf235fca439081a93447a5904cf7eafd8c3a9e749d9a0a2b9bc2472d2245bc; exactTagIdentitySha256=f12fa98924d00861494b8b0cdc25b9ea728c6a0006b036b27710d7a266075a5b; runtime reachability unresolved; placement and bounds unresolved; renderer suitability unresolved
swf-definition-00082,71,,shape,source-assets/flash/HELP MATH_ORIGINAL FILES/HELP_COURSES/ELMGR5/L5/IN/L5IN03.swf,,,f5b73e83c709808d493f99485549defff54fa0dd387630139e086eb9ba43c914,DefineShape,,,none; machine census only; no renderer export,machine-extracted-definition-candidate,owner-provided SWF,container=root; definitionDepth=0; tagOrdinal=82; payloadBytes=35; rawTagPayloadSha256=f5b73e83c709808d493f99485549defff54fa0dd387630139e086eb9ba43c914; exactTagIdentitySha256=e34d3cd733341b0afa33fd104fb66b56a56eec11fd62ba6ff3fb63c0e295ed14; runtime reachability unresolved; placement and bounds unresolved; renderer suitability unresolved
swf-definition-00083,72,,shape,source-assets/flash/HELP MATH_ORIGINAL FILES/HELP_COURSES/ELMGR5/L5/IN/L5IN03.swf,,,3a6bc470c032011ad89d939a62595d59ed2b76d6ff24c9018d90ff2bc4a877c6,DefineShape,,,none; machine census only; no renderer export,machine-extracted-definition-candidate,owner-provided SWF,container=root; definitionDepth=0; tagOrdinal=83; payloadBytes=35; rawTagPayloadSha256=3a6bc470c032011ad89d939a62595d59ed2b76d6ff24c9018d90ff2bc4a877c6; exactTagIdentitySha256=5b690426bc13bc5613e5d29aff18fe5ed3c2e912707af4212b0c42d004010c34; runtime reachability unresolved; placement and bounds unresolved; renderer suitability unresolved
swf-definition-00084,73,,shape,source-assets/flash/HELP MATH_ORIGINAL FILES/HELP_COURSES/ELMGR5/L5/IN/L5IN03.swf,,,7e76d97aa8fe3a3d0cf4b4b56ff366add79697e160a717ae24475f75657acecb,DefineShape,,,none; machine census only; no renderer export,machine-extracted-definition-candidate,owner-provided SWF,container=root; definitionDepth=0; tagOrdinal=84; payloadBytes=35; rawTagPayloadSha256=7e76d97aa8fe3a3d0cf4b4b56ff366add79697e160a717ae24475f75657acecb; exactTagIdentitySha256=cde1022914ad5d68f9572c76438a7cf59940ee71efa8327c0a27582d2aa0685f; runtime reachability unresolved; placement and bounds unresolved; renderer suitability unresolved
swf-definition-00085,74,,shape,source-assets/flash/HELP MATH_ORIGINAL FILES/HELP_COURSES/ELMGR5/L5/IN/L5IN03.swf,,,3b66dcec33070dc778bfd932d8f98949d111da5a9671bc29a7d89922b3267ba9,DefineShape,,,none; machine census only; no renderer export,machine-extracted-definition-candidate,owner-provided SWF,container=root; definitionDepth=0; tagOrdinal=85; payloadBytes=117; rawTagPayloadSha256=3b66dcec33070dc778bfd932d8f98949d111da5a9671bc29a7d89922b3267ba9; exactTagIdentitySha256=38b36c55718f77ee1f31f133d4617595a24ca27baa9f1ab319242aba2a68c35c; runtime reachability unresolved; placement and bounds unresolved; renderer suitability unresolved
swf-definition-00086,75,,text,source-assets/flash/HELP MATH_ORIGINAL FILES/HELP_COURSES/ELMGR5/L5/IN/L5IN03.swf,,,56c7fadb594d5417c22b9821af6bfb865431e74e2c44c4e188fe970b32f74e31,DefineText,,,none; machine census only; no renderer export,machine-extracted-definition-candidate,owner-provided SWF,container=root; definitionDepth=0; tagOrdinal=86; payloadBytes=28; rawTagPayloadSha256=56c7fadb594d5417c22b9821af6bfb865431e74e2c44c4e188fe970b32f74e31; exactTagIdentitySha256=cc2368c38cec78685e77ca4959182daf9f47a6294d0d0944a367bcb85ca47fd5; runtime reachability unresolved; placement and bounds unresolved; renderer suitability unresolved
swf-definition-00087,76,,shape,source-assets/flash/HELP MATH_ORIGINAL FILES/HELP_COURSES/ELMGR5/L5/IN/L5IN03.swf,,,e8207945677eb46aac160ce12810d697c328eb337b0d7c5af62f9fc646d45533,DefineShape,,,none; machine census only; no renderer export,machine-extracted-definition-candidate,owner-provided SWF,container=root; definitionDepth=0; tagOrdinal=87; payloadBytes=90; rawTagPayloadSha256=e8207945677eb46aac160ce12810d697c328eb337b0d7c5af62f9fc646d45533; exactTagIdentitySha256=75663fb970a14d08cee356bde23032f186c8e358e1ba103df39b2b6cf8e354bf; runtime reachability unresolved; placement and bounds unresolved; renderer suitability unresolved
swf-definition-00088,77,,text,source-assets/flash/HELP MATH_ORIGINAL FILES/HELP_COURSES/ELMGR5/L5/IN/L5IN03.swf,,,a67a916abac1ff0b53a51d247b527abf63cc2ce121d7347baad0731f66291e8e,DefineText,,,none; machine census only; no renderer export,machine-extracted-definition-candidate,owner-provided SWF,container=root; definitionDepth=0; tagOrdinal=88; payloadBytes=28; rawTagPayloadSha256=a67a916abac1ff0b53a51d247b527abf63cc2ce121d7347baad0731f66291e8e; exactTagIdentitySha256=52a3553c1100215eec5bb5473442c55fa28c0b5b7ad3ddc07f5d637566374657; runtime reachability unresolved; placement and bounds unresolved; renderer suitability unresolved
swf-definition-00089,78,,shape,source-assets/flash/HELP MATH_ORIGINAL FILES/HELP_COURSES/ELMGR5/L5/IN/L5IN03.swf,,,df803426d6a04386ba87842813222fb3bd0303e8ddaeb3fe0adce66c345c8ee7,DefineShape,,,none; machine census only; no renderer export,machine-extracted-definition-candidate,owner-provided SWF,container=root; definitionDepth=0; tagOrdinal=89; payloadBytes=202; rawTagPayloadSha256=df803426d6a04386ba87842813222fb3bd0303e8ddaeb3fe0adce66c345c8ee7; exactTagIdentitySha256=97fb6aba27bba72515bd52f857f7f18f4dd337dda6bf37de6241361bbe8867cf; runtime reachability unresolved; placement and bounds unresolved; renderer suitability unresolved
swf-definition-00090,79,,shape,source-assets/flash/HELP MATH_ORIGINAL FILES/HELP_COURSES/ELMGR5/L5/IN/L5IN03.swf,,,cf8cb83c203c2e6195f2039d032c59a99a0ca2085ce643f6a3c5f82b438f6d5a,DefineShape3,,,none; machine census only; no renderer export,machine-extracted-definition-candidate,owner-provided SWF,container=root; definitionDepth=0; tagOrdinal=90; payloadBytes=523; rawTagPayloadSha256=cf8cb83c203c2e6195f2039d032c59a99a0ca2085ce643f6a3c5f82b438f6d5a; exactTagIdentitySha256=223f5c342245a5299494e4396644bf3ca92ba68becdabbcc564daf7c15008c44; runtime reachability unresolved; placement and bounds unresolved; renderer suitability unresolved
swf-definition-00091,80,,bitmap,source-assets/flash/HELP MATH_ORIGINAL FILES/HELP_COURSES/ELMGR5/L5/IN/L5IN03.swf,,,0d78ef4de94ad2bc2fa0d0fa0f4502078657d56beecacc3b7525b635e733344f,DefineBitsLossless2,,,none; machine census only; no renderer export,machine-extracted-definition-candidate,owner-provided SWF,container=root; definitionDepth=0; tagOrdinal=91; payloadBytes=535; rawTagPayloadSha256=0d78ef4de94ad2bc2fa0d0fa0f4502078657d56beecacc3b7525b635e733344f; exactTagIdentitySha256=40ad533736ee7c75dfb7e51182474ac9a649405354b20947b933159bc0ebae76; runtime reachability unresolved; placement and bounds unresolved; renderer suitability unresolved
swf-definition-00092,81,,shape,source-assets/flash/HELP MATH_ORIGINAL FILES/HELP_COURSES/ELMGR5/L5/IN/L5IN03.swf,,,f9da09d86dde39eba8f52110d014c52c3c055649828e611a05c96c808ff23e0a,DefineShape,,,none; machine census only; no renderer export,machine-extracted-definition-candidate,owner-provided SWF,container=root; definitionDepth=0; tagOrdinal=92; payloadBytes=49; rawTagPayloadSha256=f9da09d86dde39eba8f52110d014c52c3c055649828e611a05c96c808ff23e0a; exactTagIdentitySha256=b2a799987dc919a30c2e65eb130b06d152e990b31ef01d373a073c88bf7ab22b; runtime reachability unresolved; placement and bounds unresolved; renderer suitability unresolved
swf-definition-00093,82,,shape,source-assets/flash/HELP MATH_ORIGINAL FILES/HELP_COURSES/ELMGR5/L5/IN/L5IN03.swf,,,4e51cca5c4afca21339524dbefbad62b712b86e7da0f7076967083d9d3747262,DefineShape,,,none; machine census only; no renderer export,machine-extracted-definition-candidate,owner-provided SWF,container=root; definitionDepth=0; tagOrdinal=93; payloadBytes=38; rawTagPayloadSha256=4e51cca5c4afca21339524dbefbad62b712b86e7da0f7076967083d9d3747262; exactTagIdentitySha256=ee459ee7ca318da248ce3a6d672fa4daebe643fad57038f8eea6ac12a292cde2; runtime reachability unresolved; placement and bounds unresolved; renderer suitability unresolved
swf-definition-00094,83,,shape,source-assets/flash/HELP MATH_ORIGINAL FILES/HELP_COURSES/ELMGR5/L5/IN/L5IN03.swf,,,23816b70ccb32e86f5750b9547245638883a7f43888ea66af186e8f5166d3593,DefineShape,,,none; machine census only; no renderer export,machine-extracted-definition-candidate,owner-provided SWF,container=root; definitionDepth=0; tagOrdinal=94; payloadBytes=42; rawTagPayloadSha256=23816b70ccb32e86f5750b9547245638883a7f43888ea66af186e8f5166d3593; exactTagIdentitySha256=592b08b8dbe1dd80f01710cc32f2bd05e63ae70cf98191ef75d74183a5d1e4e3; runtime reachability unresolved; placement and bounds unresolved; renderer suitability unresolved
swf-definition-00095,84,,text,source-assets/flash/HELP MATH_ORIGINAL FILES/HELP_COURSES/ELMGR5/L5/IN/L5IN03.swf,,,34334f177f3fd8c66613b181177d9bb4a35c6f28a958386e773dc800dc404552,DefineText,,,none; machine census only; no renderer export,machine-extracted-definition-candidate,owner-provided SWF,container=root; definitionDepth=0; tagOrdinal=95; payloadBytes=26; rawTagPayloadSha256=34334f177f3fd8c66613b181177d9bb4a35c6f28a958386e773dc800dc404552; exactTagIdentitySha256=628ea234c8da16aa3dd82e908bd4ee96e4ad39632d7708a647ccad5c93385d87; runtime reachability unresolved; placement and bounds unresolved; renderer suitability unresolved
swf-definition-00096,85,,shape,source-assets/flash/HELP MATH_ORIGINAL FILES/HELP_COURSES/ELMGR5/L5/IN/L5IN03.swf,,,7dbec56bb18396f38bef99c47fcfd4ceb5ca60fe8b887a1b552f1e2c2f29b7f7,DefineShape,,,none; machine census only; no renderer export,machine-extracted-definition-candidate,owner-provided SWF,container=root; definitionDepth=0; tagOrdinal=96; payloadBytes=38; rawTagPayloadSha256=7dbec56bb18396f38bef99c47fcfd4ceb5ca60fe8b887a1b552f1e2c2f29b7f7; exactTagIdentitySha256=a4df2b389a07af5052002efdf017c11aa8a71ef911f6ce5dd6116643d42af686; runtime reachability unresolved; placement and bounds unresolved; renderer suitability unresolved
swf-definition-00097,86,,text,source-assets/flash/HELP MATH_ORIGINAL FILES/HELP_COURSES/ELMGR5/L5/IN/L5IN03.swf,,,9b8c29bd911e5f45b41c7a810cb3e674837b72e10d02b9de514817760e2fcbb0,DefineText,,,none; machine census only; no renderer export,machine-extracted-definition-candidate,owner-provided SWF,container=root; definitionDepth=0; tagOrdinal=97; payloadBytes=26; rawTagPayloadSha256=9b8c29bd911e5f45b41c7a810cb3e674837b72e10d02b9de514817760e2fcbb0; exactTagIdentitySha256=5ded6c028e7c9d82f2ce29db06c294653bf0f48b7c9fa131c4894ee4d902b70e; runtime reachability unresolved; placement and bounds unresolved; renderer suitability unresolved
swf-definition-00098,87,,shape,source-assets/flash/HELP MATH_ORIGINAL FILES/HELP_COURSES/ELMGR5/L5/IN/L5IN03.swf,,,4d8c7dae4350eddb66e7a4b5c11d48f736023fa95864a341d65ef15a33064f03,DefineShape,,,none; machine census only; no renderer export,machine-extracted-definition-candidate,owner-provided SWF,container=root; definitionDepth=0; tagOrdinal=98; payloadBytes=47; rawTagPayloadSha256=4d8c7dae4350eddb66e7a4b5c11d48f736023fa95864a341d65ef15a33064f03; exactTagIdentitySha256=2800f01e2ee310f763d38366f324ac184e6cd60b555eb5704ec4e973b2a7d822; runtime reachability unresolved; placement and bounds unresolved; renderer suitability unresolved
swf-definition-00099,88,,text,source-assets/flash/HELP MATH_ORIGINAL FILES/HELP_COURSES/ELMGR5/L5/IN/L5IN03.swf,,,f6169b309e816c045b7f8020e30b065ce5a1e43ab22faa9ad6c5dfb030b94bcb,DefineText,,,none; machine census only; no renderer export,machine-extracted-definition-candidate,owner-provided SWF,container=root; definitionDepth=0; tagOrdinal=99; payloadBytes=155; rawTagPayloadSha256=f6169b309e816c045b7f8020e30b065ce5a1e43ab22faa9ad6c5dfb030b94bcb; exactTagIdentitySha256=925a373048a177a953af2c69bf7840aafb37254a6d08194fb854786064e530df; runtime reachability unresolved; placement and bounds unresolved; renderer suitability unresolved
swf-definition-00100,89,,button,source-assets/flash/HELP MATH_ORIGINAL FILES/HELP_COURSES/ELMGR5/L5/IN/L5IN03.swf,,,8b874f2ac30c01c2d7703ab730005c625c3e85e24ff457e8aae9dd6e51898801,DefineButton2,,,none; machine census only; no renderer export,machine-extracted-definition-candidate,owner-provided SWF,container=root; definitionDepth=0; tagOrdinal=100; payloadBytes=170; rawTagPayloadSha256=8b874f2ac30c01c2d7703ab730005c625c3e85e24ff457e8aae9dd6e51898801; exactTagIdentitySha256=a6c05e4a09a6121e3c8e60b9979e77c953bcad3143e459c652d64b2a63ecb294; runtime reachability unresolved; placement and bounds unresolved; renderer suitability unresolved
swf-definition-00101,90,,button,source-assets/flash/HELP MATH_ORIGINAL FILES/HELP_COURSES/ELMGR5/L5/IN/L5IN03.swf,,,28945228e1287cb82dc56a39bfe0f8f2de361c51c33cf354d3483e65d502fe32,DefineButton2,,,none; machine census only; no renderer export,machine-extracted-definition-candidate,owner-provided SWF,container=root; definitionDepth=0; tagOrdinal=101; payloadBytes=170; rawTagPayloadSha256=28945228e1287cb82dc56a39bfe0f8f2de361c51c33cf354d3483e65d502fe32; exactTagIdentitySha256=c86e7173b31137a83fe6f83a8252d7d02221542f481895429edb0f2afb0c0957; runtime reachability unresolved; placement and bounds unresolved; renderer suitability unresolved
swf-definition-00102,91,,button,source-assets/flash/HELP MATH_ORIGINAL FILES/HELP_COURSES/ELMGR5/L5/IN/L5IN03.swf,,,b95b85c8a94bd40363296df700cfc3772d47193fef58c7b99d76dd1e52a5ce8b,DefineButton2,,,none; machine census only; no renderer export,machine-extracted-definition-candidate,owner-provided SWF,container=root; definitionDepth=0; tagOrdinal=102; payloadBytes=167; rawTagPayloadSha256=b95b85c8a94bd40363296df700cfc3772d47193fef58c7b99d76dd1e52a5ce8b; exactTagIdentitySha256=56fd1ed54318f9bf93cc85e2840f1640191a92e748238c8dbb0efea6d46e3734; runtime reachability unresolved; placement and bounds unresolved; renderer suitability unresolved
swf-definition-00103,92,,button,source-assets/flash/HELP MATH_ORIGINAL FILES/HELP_COURSES/ELMGR5/L5/IN/L5IN03.swf,,,5498730250b545bf14f55b7d699207d612962ecbbafa74cf7597366a802ccc20,DefineButton2,,,none; machine census only; no renderer export,machine-extracted-definition-candidate,owner-provided SWF,container=root; definitionDepth=0; tagOrdinal=103; payloadBytes=166; rawTagPayloadSha256=5498730250b545bf14f55b7d699207d612962ecbbafa74cf7597366a802ccc20; exactTagIdentitySha256=11f5ee5d8b42fe87c782967d832c293c786baed3f7c78552dfe9f99ab3318cfa; runtime reachability unresolved; placement and bounds unresolved; renderer suitability unresolved
swf-definition-00104,93,,shape,source-assets/flash/HELP MATH_ORIGINAL FILES/HELP_COURSES/ELMGR5/L5/IN/L5IN03.swf,,,c359047387d3e60ff36d69469f960ba18bb1a3297d08a3372b762b3cbe485b19,DefineShape,,,none; machine census only; no renderer export,machine-extracted-definition-candidate,owner-provided SWF,container=root; definitionDepth=0; tagOrdinal=104; payloadBytes=48; rawTagPayloadSha256=c359047387d3e60ff36d69469f960ba18bb1a3297d08a3372b762b3cbe485b19; exactTagIdentitySha256=fd35e2875e1ec41fa3c3c0424d9cbac266d387e2abe3e5e8906448e4118e0cbd; runtime reachability unresolved; placement and bounds unresolved; renderer suitability unresolved
swf-definition-00105,94,,shape,source-assets/flash/HELP MATH_ORIGINAL FILES/HELP_COURSES/ELMGR5/L5/IN/L5IN03.swf,,,f283ba29528f980894cb3265b638e1a8612a30e55d4acc348b9730ee3f5b3fdc,DefineShape,,,none; machine census only; no renderer export,machine-extracted-definition-candidate,owner-provided SWF,container=root; definitionDepth=0; tagOrdinal=105; payloadBytes=48; rawTagPayloadSha256=f283ba29528f980894cb3265b638e1a8612a30e55d4acc348b9730ee3f5b3fdc; exactTagIdentitySha256=5d66ef3288befd2eddb6c586b32ebcade04de233c9c012e7381eeeaf28c5df50; runtime reachability unresolved; placement and bounds unresolved; renderer suitability unresolved
swf-definition-00106,95,,shape,source-assets/flash/HELP MATH_ORIGINAL FILES/HELP_COURSES/ELMGR5/L5/IN/L5IN03.swf,,,9f774ada85d6aecd5807ad22d2e31865b0d4ab2c3f098195c9278aca9c54743e,DefineShape,,,none; machine census only; no renderer export,machine-extracted-definition-candidate,owner-provided SWF,container=root; definitionDepth=0; tagOrdinal=106; payloadBytes=48; rawTagPayloadSha256=9f774ada85d6aecd5807ad22d2e31865b0d4ab2c3f098195c9278aca9c54743e; exactTagIdentitySha256=d00529914381a23a69a7866acfbb1a43b81897bae49c6c71cb643971b3386083; runtime reachability unresolved; placement and bounds unresolved; renderer suitability unresolved
swf-definition-00107,96,,text,source-assets/flash/HELP MATH_ORIGINAL FILES/HELP_COURSES/ELMGR5/L5/IN/L5IN03.swf,,,72f8aa7c93c54a408493ff9cdd05770f2c2d2f475e6f09a3cfe6cb6840170b8f,DefineText,,,none; machine census only; no renderer export,machine-extracted-definition-candidate,owner-provided SWF,container=root; definitionDepth=0; tagOrdinal=107; payloadBytes=37; rawTagPayloadSha256=72f8aa7c93c54a408493ff9cdd05770f2c2d2f475e6f09a3cfe6cb6840170b8f; exactTagIdentitySha256=e6fe8bcee49493f619ac6fc7ddaeb28c0dd22041d6e2005e100df5b09e99b70d; runtime reachability unresolved; placement and bounds unresolved; renderer suitability unresolved
swf-definition-00108,97,,shape,source-assets/flash/HELP MATH_ORIGINAL FILES/HELP_COURSES/ELMGR5/L5/IN/L5IN03.swf,,,8b99b56ca42c2a5961e39ab30fce991985534c0221c0176baf8e660296335efd,DefineShape,,,none; machine census only; no renderer export,machine-extracted-definition-candidate,owner-provided SWF,container=root; definitionDepth=0; tagOrdinal=108; payloadBytes=118; rawTagPayloadSha256=8b99b56ca42c2a5961e39ab30fce991985534c0221c0176baf8e660296335efd; exactTagIdentitySha256=92df181232dfda5decd081060f1411b686f54c9c88a96eaee147ebba91510a20; runtime reachability unresolved; placement and bounds unresolved; renderer suitability unresolved
swf-definition-00109,98,,text,source-assets/flash/HELP MATH_ORIGINAL FILES/HELP_COURSES/ELMGR5/L5/IN/L5IN03.swf,,,f0aa9382e1ba4aa5511b3bf0bdc5616070e1484bde6285cc92950d358e1dd38e,DefineText,,,none; machine census only; no renderer export,machine-extracted-definition-candidate,owner-provided SWF,container=root; definitionDepth=0; tagOrdinal=109; payloadBytes=25; rawTagPayloadSha256=f0aa9382e1ba4aa5511b3bf0bdc5616070e1484bde6285cc92950d358e1dd38e; exactTagIdentitySha256=b837c2127c8791224ab0173945c7ba57cd13aa3a1dafd74022645c5614908e7e; runtime reachability unresolved; placement and bounds unresolved; renderer suitability unresolved
swf-definition-00110,99,,text,source-assets/flash/HELP MATH_ORIGINAL FILES/HELP_COURSES/ELMGR5/L5/IN/L5IN03.swf,,,8fd4d050950a5e28e9d2f3a41184bf1a256705ff12d1234204326fc7691fb322,DefineText,,,none; machine census only; no renderer export,machine-extracted-definition-candidate,owner-provided SWF,container=root; definitionDepth=0; tagOrdinal=110; payloadBytes=25; rawTagPayloadSha256=8fd4d050950a5e28e9d2f3a41184bf1a256705ff12d1234204326fc7691fb322; exactTagIdentitySha256=eecd0eb795b59bcd06ad5c05c169efc6d38bef121b83922bdd1909c97dd65a3b; runtime reachability unresolved; placement and bounds unresolved; renderer suitability unresolved
swf-definition-00111,100,,shape,source-assets/flash/HELP MATH_ORIGINAL FILES/HELP_COURSES/ELMGR5/L5/IN/L5IN03.swf,,,4855d272c732f24b19ecee08ed823b9a9182555f3b11b3d28bf306e0ca670bee,DefineShape,,,none; machine census only; no renderer export,machine-extracted-definition-candidate,owner-provided SWF,container=root; definitionDepth=0; tagOrdinal=111; payloadBytes=118; rawTagPayloadSha256=4855d272c732f24b19ecee08ed823b9a9182555f3b11b3d28bf306e0ca670bee; exactTagIdentitySha256=143ee5fe398f546770a21deea2b532731daa4219e16741bafce557193c5f375c; runtime reachability unresolved; placement and bounds unresolved; renderer suitability unresolved
swf-definition-00112,101,,text,source-assets/flash/HELP MATH_ORIGINAL FILES/HELP_COURSES/ELMGR5/L5/IN/L5IN03.swf,,,67bf970b442d965a06eb0b5d268105607b3bb21124a7fb15b893c3425dd381e8,DefineText,,,none; machine census only; no renderer export,machine-extracted-definition-candidate,owner-provided SWF,container=root; definitionDepth=0; tagOrdinal=112; payloadBytes=25; rawTagPayloadSha256=67bf970b442d965a06eb0b5d268105607b3bb21124a7fb15b893c3425dd381e8; exactTagIdentitySha256=cb566fed89acdc621c80e7bb7d55caff6cf098ebbd716341e325ed46c125368d; runtime reachability unresolved; placement and bounds unresolved; renderer suitability unresolved
swf-definition-00113,102,,text,source-assets/flash/HELP MATH_ORIGINAL FILES/HELP_COURSES/ELMGR5/L5/IN/L5IN03.swf,,,dc4bb74394d33c138675fc0295db035098d235ee7fa31d8342aa012ec84a8c6e,DefineText,,,none; machine census only; no renderer export,machine-extracted-definition-candidate,owner-provided SWF,container=root; definitionDepth=0; tagOrdinal=113; payloadBytes=25; rawTagPayloadSha256=dc4bb74394d33c138675fc0295db035098d235ee7fa31d8342aa012ec84a8c6e; exactTagIdentitySha256=87498c86d3213c058382670dd89ad3327c80c9a26326d86c0d557ab82dfa5d95; runtime reachability unresolved; placement and bounds unresolved; renderer suitability unresolved
swf-definition-00114,103,,sprite,source-assets/flash/HELP MATH_ORIGINAL FILES/HELP_COURSES/ELMGR5/L5/IN/L5IN03.swf,,,1fdd0ffdac9184c9e43c52d90e0ce77defff1febbd73c77f35363170ee15d65d,DefineSprite,,,none; machine census only; no renderer export,machine-extracted-definition-candidate,owner-provided SWF,container=root; definitionDepth=0; tagOrdinal=114; payloadBytes=403795; rawTagPayloadSha256=1fdd0ffdac9184c9e43c52d90e0ce77defff1febbd73c77f35363170ee15d65d; exactTagIdentitySha256=18b7c15cfdf3b4fe0151a83d053a3bc94a827469225159916e0cf5e643a114ca; declaredFrameCount=966; runtime reachability unresolved; placement and bounds unresolved; renderer suitability unresolved
