ID,Workstream,Phase,Task,Description,Estimate (person-days),Depends on,Acceptance criteria,Owner role
P0-01,PM,P0 (11 Oct),Record Owner decisions,"Record D1 (HFR with TypeScript output, agreed 10 Oct) and D2-D7 in the project status file",0.5,,Decisions recorded with date and scope,Owner
P0-02,W4,P0 (11 Oct),Hermetic HFR workspace,Create HFR branch/worktree (American Dream or WestWorld now that space is free); lockfile; no absolute paths; CI job skeleton,1,P0-01,Clean checkout runs the converter with the source root as the only external input,Verification engineer
P0-03,W4,P0 (11 Oct),Import hfr-sample as packages/hfr,"Move converter (compiler/), runtime (runtime/), verifier (tools/verify.ts) and viewer into a workbench package; keep tests green",1,P0-02,"npm run convert/typecheck/verify work in CI; NMS L7 and P040/P050 still 54/54 identical",Integration engineer
P0-04,PM,P0 (11 Oct),Freeze bespoke lane,Stop new per-page players/proofs; decide P040/P050 closure (they already convert and verify under HFR); keep 621 registrations,0.25,P0-01,Freeze notice in CURRENT_G678.md; no new per-page calibrations,Owner
P1-01,W2,P1 (12-16 Oct),Convert all 44 lessons,"Run hfr-compile over all 2,282 placements; per-lesson output, lesson.json and contact sheets",1,P0-03,"2,282 page modules generated; zero unsupported tags; contact sheet per lesson",Compiler engineer
P1-02,W1,P1 (12-16 Oct),T0/T0b over the corpus,"tsc over all generated modules; translation-equivalence verifier over all 2,282 pages in CI",1,P1-01,"Report per lesson; T0 >= 99%, T0b equivalence measured for every page",Verification engineer
P1-03,W1,P1 (12-16 Oct),Translator hardening,"Unit tests per opcode/helper; reduce the 0.33% explicit-stack fallback (for-loops with continue, remaining stack-underflow patterns); tellTarget slash-path case",2,P1-02,"Fallback bodies < 0.1% of corpus; no T0b regressions",Runtime engineer
P1-04,W1,P1 (12-16 Oct),Generated-code style review,"Review naming, comments and helper style of the sample with the team; adjust converter options; regenerate",0.5,P0-03,Style agreed and recorded in the spec,Runtime engineer + team
P1-05,W2,P1 (12-16 Oct),Renderer verification items,"Button label highlight bars (P040), dynamic text metrics with web-font fallback, bitmap colour tints, masks on morph shapes",2,P1-01,"Items fixed or documented; contact sheets re-reviewed",Compiler engineer
P1-06,W3,P1 (12-16 Oct),Audio clock hardening,"Streaming sync on all lessons (narration duration vs frame map), event/button sounds, final-quiz audio routing, Spanish SA channel",2,P1-01,"Narration in sync within +-1 frame at checkpoints on the G1 sample; FQ audio plays EN/ES",Audio engineer
P1-07,W3,P1 (12-16 Oct),HfrPage module in My Lesson,"One generic registered module whose dispatch reads the lesson manifest; host events wired (navigation state, glossary, feedback, quiz controls, bookmark)",2,P0-03,"G1 sample pages playable in local My Lesson with Next/Back/Replay/glossary/feedback",Integration engineer
P1-08,W4,P1 (12-16 Oct),Instrumented shim SWF for Ruffle,"Generate a small AVM1 SWF that defines the shell functions, traces calls and loads the page into animation_mc",1,P0-02,Ruffle runs a page through the shim and emits a trace log,Verification engineer
P1-09,W4,P1 (12-16 Oct),T1 differential harness,"Playwright: same exploration in HFR and Ruffle; compare traces exactly; RMSE frames at checkpoints; report",2,P1-08,T1 report for the G1 sample with pass/amber/fail per page,Verification engineer
P1-10,PM,G1 (16 Oct),Gate G1 review,"G1 criteria (spec section 13): T0 and T0b 100% on the 60-page sample, T1 >= 80%; decide Track B activation if failing",0.25,P1-01..P1-09,G1 decision recorded,Owner
P2-01,W4,P2 (17-22 Oct),Nightly full-corpus T0/T0b/T1,"Convert, type-check, verify equivalence and run the Ruffle oracle nightly; dashboard by strand/lesson; failure clustering",1,P1-09,Dashboard published daily by 08:00,Verification engineer
P2-02,All,P2 (17-22 Oct),Cluster triage to converter/runtime tickets,"Group failures by root cause (translation, built-in, render, audio, order); fix in the converter or runtime, never by editing a page",4,P2-01,"Top-10 clusters closed each day; regression green",All engineers + agents
P2-03,W1,P2 (17-22 Oct),Frame-order conformance,Verify parent/child frame-1 script order and event order against Ruffle on targeted pages,1,P1-09,Order matches the oracle on the targeted set,Runtime engineer
P2-04,W3,P2 (17-22 Oct),Accessibility mirror,"Text decoded via font code tables into an off-canvas DOM layer; focusable button proxies; keyboard activation",2,P1-07,"axe clean on sample; keyboard-only completion of a quiz page",Integration engineer
P2-05,W4,P2 (17-22 Oct),T2 runtime conformance suite,"Pause/visibility/Replay/EN-ES/focus/1360-390px/root-font/reduced-motion on a fixed sample",1.5,P1-07;P2-04,Suite green per runtime version,Verification engineer
P2-06,W4,P2 (17-22 Oct),Lesson release manifest generator,"Produce hfr-lesson-release/1 per lesson from T0/T0b/T1/T2 results (swfSha, converter version, moduleSha)",0.5,P2-01,44 manifests generated reproducibly,Verification engineer
P2-07,W3,P2 (17-22 Oct),390px layout policy,Zoom/pan or landscape guidance in the host for the 800x600 stage at narrow widths,1,P1-07,Product decision recorded; T2 390px cells pass,Integration engineer
P2-08,W2,P2 (17-22 Oct),Data-size optimisation,Binary or quantised path encoding for photo-realistic vector pages (largest sample page 9.8 MB raw),1,P1-01,No page data file above 1.5 MB gzip,Compiler engineer
P2-09,PM,G2 (22 Oct),Gate G2 review,"T0 >= 99%, T0b >= 99% identical, T1 >= 90%; T2 green",0.25,P2-01..P2-08,G2 decision recorded,Owner
P3-01,W5,P3 (23-28 Oct),Lesson reviews (T3),"Walk each lesson in private My Lesson (EN/ES; 1360/390); review amber pages; sign off",6 (reviewer-days),P2-06,">= 40 of 44 lessons signed off by 28 Oct",Reviewers
P3-02,W4,P3 (23-28 Oct),Track B integration,"Pinned Ruffle in the My Lesson frame with the same shim; labelled compatibility mode; private/noindex",1,P1-08,Residual pages playable with real interactions and labelled,Verification engineer
P3-03,PM,G3 (28 Oct),Gate G3 review,">= 40/44 lessons released privately; residue routed to Track B",0.25,P3-01;P3-02,G3 decision recorded,Owner
P4-01,PM,P4 (29-30 Oct),Final report,"Measured throughput; counts by tier; open issues; next steps (G3-G5 conversion to HFR TypeScript)",0.5,P3-03,Report delivered with reproducible numbers,Owner
P4-02,All,P4 (29-30 Oct),G3-G5 HFR pilot,"Convert G3-G5 (2,074 SWFs) to TypeScript and run T0/T0b, to plan real Try It / Play It for issue #74",1,P2-01,G3-G5 conversion and verification report,Verification engineer
